<?xml version="1.0" encoding="utf-8"?>
<cBlueprintLoader xmlns:d="http://www.kuju.com/TnT/2003/Delta" d:version="1.0">
	<Blueprint>
		<cAnimSceneryBlueprint>
			<Name d:type="cDeltaString">SE LeftL</Name>
			<BrowseInformation>
				<iBrowseableBlueprint-cBrowseInformation>
					<DisplayName>
						<Localisation-cUserLocalisedString>
							<English d:type="cDeltaString">SE LeftL</English>
							<French d:type="cDeltaString">SE LeftL</French>
							<Italian d:type="cDeltaString">SE LeftL</Italian>
							<German d:type="cDeltaString">SE LeftL</German>
							<Spanish d:type="cDeltaString">SE LeftL</Spanish>
							<Dutch d:type="cDeltaString"></Dutch>
							<Polish d:type="cDeltaString"></Polish>
							<Russian d:type="cDeltaString"></Russian>
							<Other/>
							<Key d:type="cDeltaString"></Key>
						</Localisation-cUserLocalisedString>
					</DisplayName>
					<Description>
						<Localisation-cUserLocalisedString>
							<English d:type="cDeltaString"></English>
							<French d:type="cDeltaString"></French>
							<Italian d:type="cDeltaString"></Italian>
							<German d:type="cDeltaString"></German>
							<Spanish d:type="cDeltaString"></Spanish>
							<Dutch d:type="cDeltaString"></Dutch>
							<Polish d:type="cDeltaString"></Polish>
							<Russian d:type="cDeltaString"></Russian>
							<Other/>
							<Key d:type="cDeltaString"></Key>
						</Localisation-cUserLocalisedString>
					</Description>
					<Category d:type="cDeltaString">eExcludeFromBrowserList</Category>
					<ValidInScenarios d:type="cDeltaString">eFalse</ValidInScenarios>
				</iBrowseableBlueprint-cBrowseInformation>
			</BrowseInformation>
			<RenderComponent>
				<cAnimSceneryRenderBlueprint>
					<PrimaryNamedTextureSet>
						<iBlueprintLibrary-cAbsoluteBlueprintID>
							<BlueprintSetID>
								<iBlueprintLibrary-cBlueprintSetID>
									<Provider d:type="cDeltaString"></Provider>
									<Product d:type="cDeltaString"></Product>
								</iBlueprintLibrary-cBlueprintSetID>
							</BlueprintSetID>
							<BlueprintID d:type="cDeltaString"></BlueprintID>
						</iBlueprintLibrary-cAbsoluteBlueprintID>
					</PrimaryNamedTextureSet>
					<SecondaryNamedTextureSet>
						<iBlueprintLibrary-cAbsoluteBlueprintID>
							<BlueprintSetID>
								<iBlueprintLibrary-cBlueprintSetID>
									<Provider d:type="cDeltaString"></Provider>
									<Product d:type="cDeltaString"></Product>
								</iBlueprintLibrary-cBlueprintSetID>
							</BlueprintSetID>
							<BlueprintID d:type="cDeltaString"></BlueprintID>
						</iBlueprintLibrary-cAbsoluteBlueprintID>
					</SecondaryNamedTextureSet>
					<GeometryID d:type="cDeltaString">SummerADDE\SECrossingsTest\RailNetwork\LevelCrossings\shapes\[00]se_bu_post01</GeometryID>
					<CollisionGeometryID d:type="cDeltaString"></CollisionGeometryID>
					<Pickable d:type="cDeltaString">eTrue</Pickable>
					<ShadowType d:type="cDeltaString">eShadowType_None</ShadowType>
					<ViewType d:type="cDeltaString">ExternalView</ViewType>
					<HeatHaze/>
					<TexText/>
					<ProjectedLightElement/>
					<Instancable d:type="bool">0</Instancable>
					<DetailLevelGenerationRange>
						<cSceneryRenderBlueprint-sDetailLevelGenerationRange>
							<HighestLevel_1isHighest d:type="sInt32">1</HighestLevel_1isHighest>
							<LowestLevel_10isLowest d:type="sInt32">10</LowestLevel_10isLowest>
						</cSceneryRenderBlueprint-sDetailLevelGenerationRange>
					</DetailLevelGenerationRange>
					<AnimSet/>
				</cAnimSceneryRenderBlueprint>
			</RenderComponent>
			<PosOriComponent>
				<cPosOriBlueprint/>
			</PosOriComponent>
			<ContainerComponent>
				<cEntityContainerBlueprint>
					<Children>
						<cEntityContainerBlueprint-sChild d:id="16565896">
							<ChildName d:type="cDeltaString">BarrierLeft02</ChildName>
							<BlueprintID>
								<iBlueprintLibrary-cAbsoluteBlueprintID>
									<BlueprintSetID>
										<iBlueprintLibrary-cBlueprintSetID>
											<Provider d:type="cDeltaString">SummerADDE</Provider>
											<Product d:type="cDeltaString">SECrossingsTest</Product>
										</iBlueprintLibrary-cBlueprintSetID>
									</BlueprintSetID>
									<BlueprintID d:type="cDeltaString">RailNetwork\LevelCrossings\shapes\SE LeftL.xml</BlueprintID>
								</iBlueprintLibrary-cAbsoluteBlueprintID>
							</BlueprintID>
							<Matrix>
								<cHcRMatrix4x4>
									<Element>
										<e d:type="sFloat32" d:alt_encoding="000000000000F03F" d:precision="string">1</e>
										<e d:type="sFloat32" d:alt_encoding="0000000000000000" d:precision="string">0</e>
										<e d:type="sFloat32" d:alt_encoding="0000000000000000" d:precision="string">0</e>
										<e d:type="sFloat32" d:alt_encoding="0000000000000000" d:precision="string">0</e>
										<e d:type="sFloat32" d:alt_encoding="0000000000000000" d:precision="string">0</e>
										<e d:type="sFloat32" d:alt_encoding="000000000000F03F" d:precision="string">1</e>
										<e d:type="sFloat32" d:alt_encoding="0000000000000000" d:precision="string">0</e>
										<e d:type="sFloat32" d:alt_encoding="0000000000000000" d:precision="string">0</e>
										<e d:type="sFloat32" d:alt_encoding="0000000000000000" d:precision="string">0</e>
										<e d:type="sFloat32" d:alt_encoding="0000000000000000" d:precision="string">0</e>
										<e d:type="sFloat32" d:alt_encoding="000000000000F03F" d:precision="string">1</e>
										<e d:type="sFloat32" d:alt_encoding="0000000000000000" d:precision="string">0</e>
										<e d:type="sFloat32" d:alt_encoding="0000000000000000" d:precision="string">0</e>
										<e d:type="sFloat32" d:alt_encoding="0000000000000000" d:precision="string">0</e>
										<e d:type="sFloat32" d:alt_encoding="0000000000000000" d:precision="string">0</e>
										<e d:type="sFloat32" d:alt_encoding="000000000000F03F" d:precision="string">1</e>
									</Element>
								</cHcRMatrix4x4>
							</Matrix>
						</cEntityContainerBlueprint-sChild>
					</Children>
				</cEntityContainerBlueprint>
			</ContainerComponent>
		</cAnimSceneryBlueprint>
	</Blueprint>
</cBlueprintLoader>
