<?xml version="1.0" encoding="utf-8"?>
<cHcGeometry xmlns:d="http://www.kuju.com/TnT/2003/Delta" d:version="1.0" d:id="287636264">
	<LODController>
		<cHcGeometryLODController d:id="287874856">
			<LOD>
				<e d:type="sFloat32" d:alt_encoding="0000000000E09540" d:precision="string">1400</e>
			</LOD>
		</cHcGeometryLODController>
	</LODController>
	<Material>
		<cHcEffectMaterialDx d:id="287665712">
			<ShaderName d:type="cDeltaString">TrainLightMapWithDiffuse.fx</ShaderName>
			<TextureByName>
				<e d:type="cDeltaString">textures\[00]signal-01bro</e>
				<e d:type="cDeltaString">textures\[00]wp26-02_cont40ft_sm</e>
			</TextureByName>
			<Name d:type="cDeltaString">main</Name>
			<CollisionSurface d:type="cDeltaString">METAL</CollisionSurface>
			<VertexType d:type="ref">288072392</VertexType>
			<FrameAlphaMode d:type="cDeltaString">ALPHA_MODE_NONE</FrameAlphaMode>
			<PassPlatformData/>
			<FloatParam>
				<cHcEffectMaterialDx-cFloatParam d:id="287665912">
					<Name d:type="cDeltaString">SPECULARPOWER</Name>
					<Value d:type="sFloat32" d:alt_encoding="0000000000000000" d:precision="string">0</Value>
				</cHcEffectMaterialDx-cFloatParam>
				<cHcEffectMaterialDx-cFloatParam d:id="287665924">
					<Name d:type="cDeltaString">CUSTOMPARAM0</Name>
					<Value d:type="sFloat32" d:alt_encoding="0000000000000000" d:precision="string">0</Value>
				</cHcEffectMaterialDx-cFloatParam>
				<cHcEffectMaterialDx-cFloatParam d:id="287665936">
					<Name d:type="cDeltaString">CUSTOMPARAM1</Name>
					<Value d:type="sFloat32" d:alt_encoding="0000000000000000" d:precision="string">0</Value>
				</cHcEffectMaterialDx-cFloatParam>
				<cHcEffectMaterialDx-cFloatParam d:id="287665948">
					<Name d:type="cDeltaString">CUSTOMPARAM2</Name>
					<Value d:type="sFloat32" d:alt_encoding="0000000000000000" d:precision="string">0</Value>
				</cHcEffectMaterialDx-cFloatParam>
				<cHcEffectMaterialDx-cFloatParam d:id="287665960">
					<Name d:type="cDeltaString">CUSTOMPARAM3</Name>
					<Value d:type="sFloat32" d:alt_encoding="0000000000000000" d:precision="string">0</Value>
				</cHcEffectMaterialDx-cFloatParam>
				<cHcEffectMaterialDx-cFloatParam d:id="287665972">
					<Name d:type="cDeltaString">CUSTOMPARAM4</Name>
					<Value d:type="sFloat32" d:alt_encoding="0000000000000000" d:precision="string">0</Value>
				</cHcEffectMaterialDx-cFloatParam>
				<cHcEffectMaterialDx-cFloatParam d:id="287665984">
					<Name d:type="cDeltaString">CUSTOMPARAM5</Name>
					<Value d:type="sFloat32" d:alt_encoding="0000000000000000" d:precision="string">0</Value>
				</cHcEffectMaterialDx-cFloatParam>
			</FloatParam>
			<VectorParam>
				<cHcEffectMaterialDx-cVectorParam d:id="287666108">
					<Name d:type="cDeltaString">AMBIENT</Name>
					<Value d:numElements="4" d:elementType="sFloat32" d:precision="string">1.0000000 1.0000000 1.0000000 1.0000000</Value>
				</cHcEffectMaterialDx-cVectorParam>
				<cHcEffectMaterialDx-cVectorParam d:id="287666132">
					<Name d:type="cDeltaString">EMISSIVE</Name>
					<Value d:numElements="4" d:elementType="sFloat32" d:precision="string">0.0000000 0.0000000 0.0000000 1.0000000</Value>
				</cHcEffectMaterialDx-cVectorParam>
				<cHcEffectMaterialDx-cVectorParam d:id="287666156">
					<Name d:type="cDeltaString">SPECULARCOLOR</Name>
					<Value d:numElements="4" d:elementType="sFloat32" d:precision="string">1.0000000 1.0000000 1.0000000 1.0000000</Value>
				</cHcEffectMaterialDx-cVectorParam>
				<cHcEffectMaterialDx-cVectorParam d:id="287666180">
					<Name d:type="cDeltaString">DIFFUSECOLOR</Name>
					<Value d:numElements="4" d:elementType="sFloat32" d:precision="string">1.0000000 1.0000000 1.0000000 1.0000000</Value>
				</cHcEffectMaterialDx-cVectorParam>
			</VectorParam>
			<AlphaTestType d:type="cDeltaString">HC_ALPHATEST_ALWAYS</AlphaTestType>
			<AlphaRef d:type="sUInt32">127</AlphaRef>
			<TwoSided d:type="bool">0</TwoSided>
			<MipLodBias>
				<e d:type="sFloat32" d:alt_encoding="0000000000000000" d:precision="string">0</e>
				<e d:type="sFloat32" d:alt_encoding="0000000000000000" d:precision="string">0</e>
			</MipLodBias>
			<TextureAddrModeU>
				<e d:type="cDeltaString">HC_TEXTURE_ADDR_MODE_WRAP</e>
				<e d:type="cDeltaString">HC_TEXTURE_ADDR_MODE_WRAP</e>
			</TextureAddrModeU>
			<TextureAddrModeV>
				<e d:type="cDeltaString">HC_TEXTURE_ADDR_MODE_WRAP</e>
				<e d:type="cDeltaString">HC_TEXTURE_ADDR_MODE_WRAP</e>
			</TextureAddrModeV>
			<TextureAddrModeW>
				<e d:type="cDeltaString">HC_TEXTURE_ADDR_MODE_WRAP</e>
				<e d:type="cDeltaString">HC_TEXTURE_ADDR_MODE_WRAP</e>
			</TextureAddrModeW>
		</cHcEffectMaterialDx>
		<cHcExplicitStateMaterial d:id="288068584">
			<ShaderName d:type="cDeltaString">UnlitSingle</ShaderName>
			<TextureByName>
				<e d:type="cDeltaString">textures\[00]light-w</e>
			</TextureByName>
			<Name d:type="cDeltaString">light-w</Name>
			<CollisionSurface d:type="cDeltaString">METAL</CollisionSurface>
			<VertexType d:type="ref">288036864</VertexType>
			<FrameAlphaMode d:type="cDeltaString">ALPHA_MODE_ADD</FrameAlphaMode>
			<PassPlatformData/>
			<DiffuseAsVec d:numElements="4" d:elementType="sFloat32" d:precision="string">1.0000000 1.0000000 1.0000000 1.0000000</DiffuseAsVec>
			<AmbientAsVec d:numElements="4" d:elementType="sFloat32" d:precision="string">1.0000000 1.0000000 1.0000000 1.0000000</AmbientAsVec>
			<EmissiveAsVec d:numElements="4" d:elementType="sFloat32" d:precision="string">0.0000000 0.0000000 0.0000000 1.0000000</EmissiveAsVec>
			<SpecularColourAsVec d:numElements="4" d:elementType="sFloat32" d:precision="string">1.0000000 1.0000000 1.0000000 1.0000000</SpecularColourAsVec>
			<SpecularPower d:type="sFloat32" d:alt_encoding="0000000000000000" d:precision="string">0</SpecularPower>
			<TextureAddrModeU>
				<e d:type="cDeltaString">HC_TEXTURE_ADDR_MODE_WRAP</e>
			</TextureAddrModeU>
			<TextureAddrModeV>
				<e d:type="cDeltaString">HC_TEXTURE_ADDR_MODE_WRAP</e>
			</TextureAddrModeV>
			<TextureAddrModeW>
				<e d:type="cDeltaString">HC_TEXTURE_ADDR_MODE_WRAP</e>
			</TextureAddrModeW>
			<MagFilter>
				<e d:type="cDeltaString">HC_FILTER_MODE_LINEAR</e>
			</MagFilter>
			<MinFilter>
				<e d:type="cDeltaString">HC_FILTER_MODE_LINEAR</e>
			</MinFilter>
			<MipFilter>
				<e d:type="cDeltaString">HC_FILTER_MODE_NEAREST_POINT</e>
			</MipFilter>
			<MipLodBias>
				<e d:type="sFloat32" d:alt_encoding="0000000000000000" d:precision="string">0</e>
			</MipLodBias>
			<ZWriteEnabled d:type="bool">0</ZWriteEnabled>
			<AlphaTestType d:type="cDeltaString">HC_ALPHATEST_GREATER</AlphaTestType>
			<AlphaRef d:type="sUInt32">127</AlphaRef>
			<LightGlowFadeDistance d:type="sFloat32" d:alt_encoding="0000000000000000" d:precision="string">0</LightGlowFadeDistance>
		</cHcExplicitStateMaterial>
	</Material>
	<SourceLToPTransform>
		<e d:numElements="16" d:elementType="sFloat32" d:precision="string">1.0000000 -0.0000001 -0.0000001 0.0000000 0.0000001 1.0000000 0.0000004 0.0000000 0.0000001 -0.0000004 1.0000000 0.0000000 -0.0001014 2.9902806 -0.0546914 1.0000000</e>
		<e d:numElements="16" d:elementType="sFloat32" d:precision="string">-0.9999999 -0.0000001 -0.0000001 0.0000000 -0.0000001 1.0000000 0.0000000 0.0000000 0.0000001 0.0000000 -0.9999999 0.0000000 -0.0000172 3.1762059 -0.0282413 1.0000000</e>
	</SourceLToPTransform>
	<TransformDependency>
		<e d:type="sInt32">-1</e>
		<e d:type="sInt32">-1</e>
	</TransformDependency>
	<TransformName>
		<e d:type="cDeltaString">Main</e>
		<e d:type="cDeltaString">W1</e>
	</TransformName>
	<Root>
		<cHcSGBoundingSphere d:id="288155824">
			<Child>
				<cHcSGNodeLODSelector d:id="288155664">
					<Child>
						<cHcSGBoundingSphere d:id="288053752">
							<Child>
								<cHcSGNodeMaterial d:id="287860680">
									<Child>
										<cHcGeometryNodeSameState d:id="288050664">
											<Child/>
											<PrimitiveSetByDesc>
												<cHcPrimitiveSetDescDx d:id="281937072">
													<NumPrimitives d:type="sUInt32">1140</NumPrimitives>
													<PrimitiveType d:type="cDeltaString">PRIMTYPE_TRIANGLESTRIP</PrimitiveType>
													<VertexIndexMin d:type="sUInt32">0</VertexIndexMin>
													<VertexIndexRange d:type="sUInt32">776</VertexIndexRange>
													<VertexIndexBase d:type="sInt32">0</VertexIndexBase>
													<IndexArrayStart d:type="sInt32">0</IndexArrayStart>
													<NumOriginalTriangles d:type="sUInt32">700</NumOriginalTriangles>
												</cHcPrimitiveSetDescDx>
											</PrimitiveSetByDesc>
										</cHcGeometryNodeSameState>
									</Child>
									<Material d:type="ref">287665712</Material>
								</cHcSGNodeMaterial>
								<cHcSGNodeZSorter d:id="288054720">
									<Child/>
									<SortPoint d:numElements="4" d:elementType="sFloat32" d:precision="string">-0.0000000 0.0000000 0.0000000 1.0000000</SortPoint>
									<TransformID d:type="sInt32">0</TransformID>
									<SingleChildTransform d:type="bool">0</SingleChildTransform>
									<ChildTransformID d:type="sInt32">-1</ChildTransformID>
								</cHcSGNodeZSorter>
							</Child>
							<Centre d:numElements="4" d:elementType="sFloat32" d:precision="string">-0.0000000 0.0000000 0.0000000 1.0000000</Centre>
							<Radius d:type="sFloat32" d:alt_encoding="000000C0F0A8E03F" d:precision="string">0.520623</Radius>
							<TransformID d:type="sInt32">0</TransformID>
						</cHcSGBoundingSphere>
					</Child>
					<LODController d:type="ref">287874856</LODController>
					<TransformID d:type="sInt32">0</TransformID>
					<Point d:numElements="4" d:elementType="sFloat32" d:precision="string">-0.0000000 0.0000000 0.0000000 1.0000000</Point>
				</cHcSGNodeLODSelector>
				<cHcSGNodeLODSelector d:id="288054784">
					<Child>
						<cHcSGBoundingSphere d:id="288054848">
							<Child>
								<cHcSGNodeZSorter d:id="288054912">
									<Child>
										<cHcSGNodeMaterial d:id="288155728">
											<Child>
												<cHcGeometryNodeSameState d:id="288156344">
													<Child/>
													<PrimitiveSetByDesc>
														<cHcPrimitiveSetDescDx d:id="281937152">
															<NumPrimitives d:type="sUInt32">2</NumPrimitives>
															<PrimitiveType d:type="cDeltaString">PRIMTYPE_TRIANGLESTRIP</PrimitiveType>
															<VertexIndexMin d:type="sUInt32">0</VertexIndexMin>
															<VertexIndexRange d:type="sUInt32">4</VertexIndexRange>
															<VertexIndexBase d:type="sInt32">0</VertexIndexBase>
															<IndexArrayStart d:type="sInt32">1142</IndexArrayStart>
															<NumOriginalTriangles d:type="sUInt32">2</NumOriginalTriangles>
														</cHcPrimitiveSetDescDx>
													</PrimitiveSetByDesc>
													<PrimaryTransformID d:type="sInt32">1</PrimaryTransformID>
												</cHcGeometryNodeSameState>
											</Child>
											<Material d:type="ref">288068584</Material>
										</cHcSGNodeMaterial>
									</Child>
									<SortPoint d:numElements="4" d:elementType="sFloat32" d:precision="string">-0.0000000 -0.0000002 0.0000000 1.0000000</SortPoint>
									<TransformID d:type="sInt32">1</TransformID>
									<SingleChildTransform d:type="bool">0</SingleChildTransform>
									<ChildTransformID d:type="sInt32">-1</ChildTransformID>
								</cHcSGNodeZSorter>
							</Child>
							<Centre d:numElements="4" d:elementType="sFloat32" d:precision="string">-0.0000000 -0.0000002 0.0000000 1.0000000</Centre>
							<Radius d:type="sFloat32" d:alt_encoding="0000002097DAC63F" d:precision="string">0.178546</Radius>
							<TransformID d:type="sInt32">1</TransformID>
						</cHcSGBoundingSphere>
					</Child>
					<LODController d:type="ref">287874856</LODController>
					<TransformID d:type="sInt32">1</TransformID>
					<Point d:numElements="4" d:elementType="sFloat32" d:precision="string">-0.0000000 -0.0000002 0.0000000 1.0000000</Point>
				</cHcSGNodeLODSelector>
			</Child>
			<Centre d:numElements="4" d:elementType="sFloat32" d:precision="string">-0.0001014 2.9902806 -0.0546914 1.0000000</Centre>
			<Radius d:type="sFloat32" d:alt_encoding="000000C0F0A8E03F" d:precision="string">0.520623</Radius>
			<TransformID d:type="sInt32">-1</TransformID>
		</cHcSGBoundingSphere>
	</Root>
	<CollisionRoot>
		<d:nil/>
	</CollisionRoot>
	<RequiresScaledTransforms d:type="bool">0</RequiresScaledTransforms>
	<RootMinExtents d:numElements="4" d:elementType="sFloat32" d:precision="string">-0.4925037 2.4978783 -0.2475632 1.0000000</RootMinExtents>
	<RootMaxExtents d:numElements="4" d:elementType="sFloat32" d:precision="string">0.4923008 3.4826827 0.1381804 1.0000000</RootMaxExtents>
	<VertexData>
		<cHcGeometryVertexDataDx d:id="281937280">
			<VertexBuffer>
				<cHcVertexBufferDx d:id="288050724">
					<NumVertices d:type="sUInt32">776</NumVertices>
					<VertexType>
						<cHcVertexTypeDeclarationDx d:id="288072392">
							<Element>
								<cHcVertexTypeDeclarationDx-cElementDecl>
									<UsageIndex d:type="sUInt32">0</UsageIndex>
									<Usage d:type="cDeltaString">D3DDECLUSAGE_POSITION</Usage>
									<Type d:type="cDeltaString">D3DDECLTYPE_FLOAT3</Type>
								</cHcVertexTypeDeclarationDx-cElementDecl>
								<cHcVertexTypeDeclarationDx-cElementDecl>
									<UsageIndex d:type="sUInt32">0</UsageIndex>
									<Usage d:type="cDeltaString">D3DDECLUSAGE_NORMAL</Usage>
									<Type d:type="cDeltaString">D3DDECLTYPE_FLOAT3</Type>
								</cHcVertexTypeDeclarationDx-cElementDecl>
								<cHcVertexTypeDeclarationDx-cElementDecl>
									<UsageIndex d:type="sUInt32">0</UsageIndex>
									<Usage d:type="cDeltaString">D3DDECLUSAGE_TEXCOORD</Usage>
									<Type d:type="cDeltaString">D3DDECLTYPE_FLOAT2</Type>
								</cHcVertexTypeDeclarationDx-cElementDecl>
								<cHcVertexTypeDeclarationDx-cElementDecl>
									<UsageIndex d:type="sUInt32">1</UsageIndex>
									<Usage d:type="cDeltaString">D3DDECLUSAGE_TEXCOORD</Usage>
									<Type d:type="cDeltaString">D3DDECLTYPE_FLOAT2</Type>
								</cHcVertexTypeDeclarationDx-cElementDecl>
							</Element>
						</cHcVertexTypeDeclarationDx>
					</VertexType>
					<Owner d:type="ref">287636264</Owner>
					<d:blob d:size="31040">096632BD7D2483BD 0E811C3ED8508CBE B6FE0D3F0620493F 7A415E3F32641F3F
1E07663E9C110A3F 0F6D08BDD5CEB5BD A50C323E874133BE 6C29E53E3E7F603F
452F603F520C243F 988B6C3EA0000E3F 108EF938DCB362BD 10811C3E8CA727BD
D7081E3F0420493F 047A663F94C11D3F 0FE7803EFFAF083F 848EF938E530A8BD
A40C323EC5811C3C 5D04F63E3E7F603F 047A663FEDCB223F 0FE7803EFAF10C3F
775F333D792483BD 10811C3E7A2F4B3E C803163F0620493F 8DB26E3F32641F3F
8BCA8E3E9C110A3F 8366093DCDCEB5BD A40C323E8754453E 266BE13E3E7F603F
C2C46C3F520C243F 4F888B3EA0000E3F 3C83A53DCDCEB5BD 10811C3EFAACD03E
3B50EE3E0520493F B2AA753F520C243F C1909A3EA0000E3F 5A787D3DDD95DCBD
A50C323E256BB13E 8780AA3E3F7F603F 481A723FBC9C273F 498B943E5C03113F
982DD83D22D100BE 10811C3EAFFE0D3F E9508C3E0820493F D4527A3F76042B3F
C96EA23EBAE3133F 4383A53D624F0BBE A50C323E6129E53E 8441333E417F603F
B3AA753F42F22C3F C2909A3ED884153F 31F8E93DD6892DBE 10811C3ED0081E3F
BFA7273D0A20493F 73F57B3F013D333F 0532A53E79D51A3F 3321B33DD8892DBE
A40C323E5104F63E 6D811CBC427F603F 19EB763F013D333F 0DAE9C3E79D51A3F
A12DD83D8C425ABE 10811C3EC103163F 7C2F4BBE0B20493F D4527A3F8C753B3F
CA6EA23E39C7213F 4983A53D4EC44FBE A50C323E116BE13E 975445BE427F603F
B3AA753FC087393F C3909A3E1B26203F 4A83A53D251680BE 10811C3E2350EE3E
00ADD0BE0B20493F B3AA753FB16D423F C3909A3E54AA273F 71787D3DC2C86CBE
A40C323E7280AA3E 2B6BB1BE427F603F 491A723F47DD3E3F 4B8B943E97A7243F
9B5F333DBCC08CBE 10811C3ED0508C3E A8FE0DBF1120493F 8FB26E3FD115473F
8FCA8E3E58992B3F 9F66093D261680BE A30C323E8E41333E 6129E5BE417F603F
C3C46C3FB16D423F 51888B3E54AA273F 9491F938613391BE 0F811C3E5DA7273D
CC081EBF0D20493F 047A663F70B8483F 0FE7803EF5FA2C3F F490F938A17D83BE
A50C323E12821CBC 5604F6BE407F603F 047A663F16AE433F 0FE7803EF9B8283F
0C6632BDBCC08CBE 0F811C3E9D2F4BBE BD0316BF0B20493F 79415E3FD115473F
1E07663E58992B3F 116D08BD261680BE A30C323EB55445BE 136BE1BE407F603F
452F603FB16D423F 978B6C3E54AA273F 8206A5BD251680BE 0F811C3E08ADD0BE
1B50EEBE0A20493F 5549573FB06D423F B57A4E3E54AA273F E27E7CBDC2C86CBE
A30C323E356BB1BE 7B80AABE3E7F603F BED95A3F46DD3E3F A6855A3E97A7243F
D5B0D7BD8E425ABE 0F811C3EB1FE0DBF D9508CBE0920493F 34A1523F8C753B3F
A8BE3E3E3AC7213F 8006A5BD50C44FBE A40C323E6829E5BE 824133BE407F603F
5549573FC087393F B57A4E3E1B26203F 697BE9BDDA892DBE 0F811C3ED0081EBF
1CA727BD0A20493F 96FE503F013D333F 3038393E7AD51A3F 6BA4B2BDDA892DBE
A40C323E5604F6BE 50831C3C407F603F EF08563F013D333F 20404A3E7AD51A3F
D5B0D7BD28D100BE 0F811C3EC10316BF 892F4B3E0920493F 35A1523F76042B3F
A8BE3E3EBAE3133F 7F06A5BD664F0BBE A40C323E186BE1BE 9B54453E407F603F
5549573F42F22C3F B67A4E3ED884153F 7F06A5BDD5CEB5BD 10811C3E2850EEBE
03ADD03E0820493F 5549573F520C243F B67A4E3EA0000E3F DE7E7CBDE595DCBD
A40C323E7D80AABE 2E6BB13E3F7F603F BFD95A3FBD9C273F A6855A3E5C03113F
1C3893BC28D100BE 0972403E974DA4BD 58C5693E6264783F 4912633F77042B3F
A54C763EBAE3133F 288FF938BD43FABD 0972403EA4FC583C 0E6A773E6164783F
047A663F12572A3F 0FE7803E4151133F 202B953C26D100BE 0A72403ECC6BD63D
21645F3E6264783F BFE1693F77042B3F CAA7863EBAE3133F 9466093D644F0BBE
0A72403EC589383E A15B253E6364783F C3C46C3F42F22C3F 51888B3ED884153F
945F333DA4031BBE 0872403E5DC5693E 644DA43D6264783F 8FB26E3F46D52F3F
8ECA8E3E1CF5173F BB1C423DDA892DBE 0872403E056A773E 32FD58BC6264783F
F45F6F3F023D333F 81EF8F3E7AD51A3F 9B5F333D101040BE 0872403E12645F3E
016CD6BD6264783F 8FB26E3FBCA4363F 8FCA8E3ED8B51D3F 9F66093D50C44FBE
0972403ECD5B253E C98938BE6164783F C3C46C3FC187393F 51888B3E1B26203F
3E2B953C90425ABE 0972403ED94DA43D 63C569BE6064783F BFE1693F8C753B3F
CBA7863E3AC7213F 8890F938DAF15DBE 0972403EBEFE58BC 0C6A77BE6164783F
047A663FF2223C3F 0FE7803EB359223F 1E3893BC90425ABE 0972403E326CD6BD
1A645FBE6164783F 4912633F8C753B3F A44C763E3AC7213F 136D08BD50C44FBE
0972403ECA8938BE C45B25BE6164783F 452F603FC087393F 978B6C3E1B26203F
0B6632BD101040BE 0972403E60C569BE 814DA4BD6264783F 7A415E3FBCA4363F
1E07663ED8B51D3F 2D2341BDDA892DBE 0872403E0C6A77BE D1FE583C6164783F
13945D3F023D333F 3ABD633E7AD51A3F 0A6632BDA6031BBE 0872403E20645FBE
F86BD63D6164783F 7A415E3F46D52F3F 1E07663E1CF5173F 0F6D08BD664F0BBE
0972403EC75B25BE B589383E6264783F 452F603F42F22C3F 988B6C3ED884153F
096632BD92CA953E 10811C3EDF508CBE B7FE0D3F0420493F 7A415E3F32641F3F
1E07663E38140A3F 0F6D08BDFD1F893E A60C323E844133BE 6B29E53E3F7F603F
452F603F520C243F 988B6C3E3B030E3F 248EF938373D9A3E 11811C3E6BA727BD
D3081E3F0820493F 047A663F94C11D3F 0FE7803E9AB2083F 788EF93878878C3E
A50C323E6A821C3C 5704F63E407F603F 047A663FEDCB223F 0FE7803E96F40C3F
775F333D94CA953E 11811C3E6C2F4B3E C303163F0A20493F 8DB26E3F32641F3F
8BCA8E3E38140A3F 8366093DFE1F893E A60C323E7E54453E 1E6BE13E407F603F
C2C46C3F520C243F 4F888B3E3B030E3F 3C83A53DFF1F893E 11811C3EF6ACD03E
3150EE3E0920493F B2AA753F520C243F C1909A3E3A030E3F 5A787D3D76DC7E3E
A60C323E246BB13E 7E80AA3E417F603F 481A723FBC9C273F 498B943EF705113F
982DD83D43566C3E 11811C3EADFE0D3F E4508C3E0A20493F D4527A3F76042B3F
C96EA23E54E6133F 4383A53D03D8613E A50C323E5F29E53E 8D41333E417F603F
B3AA753F42F22C3F C2909A3E7487153F 31F8E93D8E9D3F3E 11811C3ECF081E3F
B9A7273D0A20493F 73F57B3F013D333F 0532A53E14D81A3F 3321B33D8D9D3F3E
A60C323E5104F63E 7F811CBC427F603F 19EB763F013D333F 0DAE9C3E15D81A3F
A12DD83DD9E4123E 11811C3EC003163F 7E2F4BBE0B20493F D4527A3F8C753B3F
CA6EA23ED4C9213F 4983A53D17631D3E A50C323E156BE13E 905445BE427F603F
B3AA753FC087393F C3909A3EB628203F 4A83A53D36F6D93D 11811C3E2550EE3E
FCACD0BE0B20493F B3AA753FB16D423F C3909A3EEFAC273F 71787D3DA25E003E
A50C323E7280AA3E 286BB1BE427F603F 491A723F47DD3E3F 4B8B943E33AA243F
9C5F333DDC4BA73D 11811C3ECE508C3E ABFE0DBF0F20493F 8FB26E3FD115473F
8FCA8E3EF39B2B3F 9F66093D34F6D93D A40C323E7F41333E 6029E5BE427F603F
C3C46C3FB16D423F 51888B3EEFAC273F AC91F9384881953D 10811C3E49A7273D
CC081EBF0D20493F 047A663F70B8483F 0FE7803E90FD2C3F 0C91F9384858CC3D
A50C323E3D821CBC 5604F6BE407F603F 047A663F16AE433F 0FE7803E94BB283F
0B6632BDDC4BA73D 10811C3E912F4BBE BC0316BF0D20493F 79415E3FD115473F
1E07663EF39B2B3F 116D08BD34F6D93D A40C323EAC5445BE 116BE1BE417F603F
452F603FB16D423F 978B6C3EEFAC273F 8206A5BD36F6D93D 11811C3E04ADD0BE
1D50EEBE0B20493F 5549573FB06D423F B57A4E3EEFAC273F E27E7CBDA25E003E
A40C323E2F6BB1BE 7280AABE417F603F BED95A3F46DD3E3F A6855A3E33AA243F
D5B0D7BDD8E4123E 10811C3EB3FE0DBF D1508CBE0920493F 34A1523F8C753B3F
A8BE3E3ED5C9213F 8006A5BD16631D3E A50C323E6829E5BE 854133BE407F603F
5549573FC087393F B57A4E3EB628203F 697BE9BD8B9D3F3E 10811C3ED0081EBF
29A727BD0A20493F 96FE503F013D333F 3038393E15D81A3F 6BA4B2BD8B9D3F3E
A50C323E5704F6BE F6821C3C407F603F EF08563F013D333F 20404A3E16D81A3F
D5B0D7BD3E566C3E 10811C3EC30316BF 8E2F4B3E0820493F 35A1523F76042B3F
A8BE3E3E56E6133F 7F06A5BD00D8613E A50C323E1A6BE1BE 9C54453E407F603F
5549573F42F22C3F B67A4E3E7487153F 7F06A5BDFD1F893E 10811C3E2850EEBE
06ADD03E0720493F 5549573F520C243F B67A4E3E3C030E3F DE7E7CBD73DC7E3E
A50C323E7E80AABE 2F6BB13E3F7F603F BFD95A3FBD9C273F A6855A3EF805113F
1D3893BC3E566C3E 0A72403E7F4DA4BD 5BC5693E6264783F 4912633F77042B3F
A54C763E56E6133F 1C8FF9388605703E 0A72403E9BFD583C 0E6A773E6164783F
047A663F12572A3F 0FE7803EDD53133F 202B953C40566C3E 0A72403EEB6BD63D
18645F3E6264783F BFE1693F77042B3F CAA7863E56E6133F 9466093D01D8613E
0A72403EC089383E B05B253E6264783F C3C46C3F42F22C3F 51888B3E7487153F
945F333DC123523E 0972403E58C5693E 974DA43D6264783F 8FB26E3F46D52F3F
8ECA8E3EB7F7173F BB1C423D8C9D3F3E 0972403E056A773E 55FD58BC6264783F
F45F6F3F023D333F 81EF8F3E15D81A3F 9B5F333D56172D3E 0A72403E1A645F3E
F56BD6BD6264783F 8FB26E3FBCA4363F 8FCA8E3E73B81D3F A066093D15631D3E
0A72403EC75B253E C48938BE6164783F C3C46C3FC187393F 51888B3EB628203F
3E2B953CD6E4123E 0A72403EC24DA43D 62C569BE6164783F BFE1693F8C753B3F
CBA7863ED5C9213F A090F9388C350F3E 0A72403E85FF58BC 0A6A77BE6264783F
047A663FF2223C3F 0FE7803E4E5C223F 1F3893BCD5E4123E 0972403E476CD6BD
10645FBE6164783F 4912633F8C753B3F A44C763ED5C9213F 126D08BD15631D3E
0972403EC28938BE D05B25BE6164783F 452F603FC087393F 978B6C3EB628203F
0B6632BD55172D3E 0A72403E5CC569BE B74DA4BD6164783F 7A415E3FBCA4363F
1E07663E73B81D3F 2D2341BD8A9D3F3E 0A72403E0C6A77BE 9CFE583C6164783F
13945D3F023D333F 3ABD633E16D81A3F 0A6632BDC023523E 0972403E1E645FBE
FB6BD63D6164783F 7A415E3F46D52F3F 1E07663EB7F7173F 0F6D08BDFFD7613E
0A72403ECC5B25BE B489383E6264783F 452F603F42F22C3F 988B6C3E7487153F
66B132BD87C982BD F303603D98CCE2BE 5F83653FB43FFA3A EAEE413F4AC11D3F
6AFB653E8C0A0A3F 096632BD7D2483BD 0E811C3E9935A4BE D779723F9440FA3A
7A13303F5EC91D3F 1E07663E9C110A3F 6890F938EFEE61BD F603603D297E87BD
4C707F3F6D41FA3A EAEE413FFC2B1C3F 0FE7803E5AA8083F 108EF938DCB362BD
10811C3E177E873D 4D707F3F7341FA3A 7A13303FBC341C3F 0FE7803EFFAF083F
D4AA333D83C982BD F303603D8835A43E DA79723FE340FA3A EAEE413F4AC11D3F
65D08E3E8C0A0A3F 775F333D792483BD 10811C3E79CCE23E 6683653FD940FA3A
7A13303F5EC91D3F 8BCA8E3E9C110A3F DDC8A53D2F89B5BD F503603D6EA5283F
3D99403FAD42FA3A EAEE413F7C43223F 919B9A3E38FB0D3F 3C83A53DCDCEB5BD
10811C3E2699403F 88A5283FDA44FA3A 7A13303FAC49223F C1909A3EA0000E3F
9288D83D4BBE00BE F703603D5883653F B1CCE23E7446FA3A EAEE413FDE02293F
E97CA23ECCE0133F 982DD83D22D100BE 10811C3ED279723F BA35A43E5646FA3A
7A13303F3806293F C96EA23EBAE3133F A95AEA3DD7892DBE F803603D4B707F3F
A07E873D1146FA3A EAEE413F74F8303F 4F41A53E79D51A3F 31F8E93DD6892DBE
10811C3E4D707F3F D97D87BDBF45FA3A 7A13303F74F8303F 0532A53E79D51A3F
9988D83D65555ABE F703603DD979723F 8F35A4BE5647FA3A EAEE413F0CEE383F
EA7CA23E26CA213F A12DD83D8C425ABE 10811C3E6283653F 8ACCE2BE2449FA3A
7A13303FB2EA383F CA6EA23E39C7213F ECC8A53D8D2780BE F503603D3599403F
77A528BF9E4AFA3A EAEE413F6EAD3F3F 939B9A3EBBAF273F 4A83A53D251680BE
10811C3E81A5283F 2D9940BF1D4AFA3A 7A13303F3EA73F3F C3909A3E54AA273F
F9AA333D7AD78CBE F203603DA1CCE23E 5C8365BFD248FA3A EAEE413FA12F443F
68D08E3E68A02B3F 9B5F333DBCC08CBE 10811C3EAA35A43E D47972BFC748FA3A
7A13303F8C27443F 8FCA8E3E58992B3F F093F938FF4B91BE F403603D427E873D
4C707FBF8649FA3A EAEE413FEEC4453F 0FE7803E9A022D3F 9491F938613391BE
0F811C3E3C7E87BD 4C707FBF5349FA3A 7A13303F2FBC453F 0FE7803EF5FA2C3F
68B132BD7AD78CBE F303603DA235A4BE D67972BFD547FA3A EAEE413FA12F443F
6AFB653E68A02B3F 0C6632BDBCC08CBE 0F811C3E9CCCE2BE 5E8365BF6E49FA3A
7A13303F8C27443F 1E07663E58992B3F 224CA5BD8E2780BE F303603D7FA528BF
2E9940BF8D4AFA3A EAEE413F6EAD3F3F 15654E3EBCAF273F 8206A5BD251680BE
0F811C3E369940BF 76A528BF784BFA3A 7A13303F3CA73F3F B57A4E3E54AA273F
CE0BD8BD67555ABE F403603D628365BF 8ACCE2BE8048FA3A EAEE413F0CEE383F
66A23E3E26CA213F D5B0D7BD8E425ABE 0F811C3ED77972BF 9935A4BE1046FA3A
7A13303FB2EA383F A8BE3E3E3AC7213F DFDDE9BDDB892DBE F403603D4D707FBF
257E87BD9843FA3A EAEE413F74F8303F 9C19393E7AD51A3F 697BE9BDDA892DBE
0F811C3E4C707FBF 497E873D3942FA3A 7A13303F74F8303F 3038393E7AD51A3F
CC0BD8BD51BE00BE F203603DD67972BF A235A43EEE41FA3A EAEE413FDE02293F
68A23E3ECDE0133F D5B0D7BD28D100BE 0F811C3E608365BF 91CCE23E7841FA3A
7A13303F3806293F A8BE3E3EBAE3133F 1F4CA5BD3789B5BD F303603D359940BF
77A5283FB040FA3A EAEE413F7C43223F 16654E3E38FB0D3F 7F06A5BDD5CEB5BD
10811C3E7FA528BF 2E99403FF83FFA3A 7A13303FAC49223F B67A4E3EA0000E3F
66B132BD51E1953E F903603D90CCE2BE 6183653FF545FA3A EAEE413FF8C01D3F
6AFB653E280D0A3F 096632BD92CA953E 10811C3E9A35A4BE D779723FD546FA3A
7A13303F0DC91D3F 1E07663E38140A3F 7C90F938D5559A3E F903603D497E87BD
4C707F3FD044FA3A EAEE413FAA2B1C3F 0FE7803EF5AA083F 248EF938373D9A3E
11811C3EF97D873D 4D707F3F7341FA3A 7A13303F6A341C3F 0FE7803E9AB2083F
D4AA333D52E1953E FA03603D8835A43E DA79723FE340FA3A EAEE413FF8C01D3F
65D08E3E280D0A3F 775F333D94CA953E 11811C3E79CCE23E 6683653FD940FA3A
7A13303F0CC91D3F 8BCA8E3E38140A3F DDC8A53D6731893E FB03603D6FA5283F
3C99403FAE42FA3A EAEE413F2A43223F 919B9A3ED2FD0D3F 3C83A53DFF1F893E
11811C3E2899403F 86A5283FDB44FA3A 7A13303F5A49223F C1909A3E3A030E3F
9288D83D1A696C3E FB03603D5983653F AECCE23E7346FA3A EAEE413F8C02293F
E97CA23E68E3133F 982DD83D43566C3E 11811C3ED279723F B935A43EAB46FA3A
7A13303FE505293F C96EA23E54E6133F A95AEA3D8E9D3F3E FB03603D4C707F3F
9C7E873D1146FA3A EAEE413F23F8303F 4F41A53E14D81A3F 31F8E93D8E9D3F3E
11811C3E4D707F3F E17D87BD6845FA3A 7A13303F23F8303F 0532A53E14D81A3F
9988D83D01D2123E FB03603DD979723F 8F35A4BEB445FA3A EAEE413FB8ED383F
EA7CA23EC2CC213F A12DD83DD9E4123E 11811C3E6383653F 88CCE2BE5E47FA3A
7A13303F61EA383F CA6EA23ED4C9213F ECC8A53D95B0D93D FB03603D3599403F
77A528BF7548FA3A EAEE413F1CAD3F3F 939B9A3E57B2273F 4A83A53D36F6D93D
11811C3E7EA5283F 2F9940BFF447FA3A 7A13303FECA63F3F C3909A3EEFAC273F
F9AA333DE3F0A63D FA03603D9DCCE23E 5E8365BF3946FA3A EAEE413F4F2F443F
68D08E3E03A32B3F 9C5F333DDC4BA73D 11811C3EA835A43E D57972BF0B46FA3A
7A13303F3A27443F 8FCA8E3EF39B2B3F 0494F938CF1E953D F903603D427E873D
4C707FBFE646FA3A EAEE413F9DC4453F 0FE7803E36052D3F AC91F9384881953D
10811C3E3D7E87BD 4C707FBFDE46FA3A 7A13303FDDBB453F 0FE7803E90FD2C3F
68B132BDE3F0A63D F903603DA235A4BE D67972BFBC45FA3A EAEE413F4F2F443F
6AFB653E03A32B3F 0B6632BDDC4BA73D 10811C3E98CCE2BE 5F8365BF0446FA3A
7A13303F3A27443F 1E07663EF39B2B3F 224CA5BD93B0D93D F803603D7FA528BF
2F9940BF7846FA3A EAEE413F1CAD3F3F 15654E3E57B2273F 8206A5BD36F6D93D
11811C3E379940BF 75A528BFEA46FA3A 7A13303FECA63F3F B57A4E3EEFAC273F
CE0BD8BD00D2123E F803603D638365BF 88CCE2BEC345FA3A EAEE413FB8ED383F
66A23E3EC2CC213F D5B0D7BDD8E4123E 10811C3ED77972BF 9835A4BE6E44FA3A
7A13303F60EA383F A8BE3E3ED5C9213F DFDDE9BD8B9D3F3E F803603D4C707FBF
2C7E87BD4443FA3A EAEE413F23F8303F 9C19393E15D81A3F 697BE9BD8B9D3F3E
10811C3E4C707FBF 417E873D3942FA3A 7A13303F23F8303F 3038393E15D81A3F
CC0BD8BD15696C3E F803603DD67972BF A135A43E4642FA3A EAEE413F8D02293F
68A23E3E68E3133F D5B0D7BD3E566C3E 10811C3E608365BF 91CCE23E7A41FA3A
7A13303FE605293F A8BE3E3E56E6133F 1F4CA5BD6531893E F803603D359940BF
78A5283FB140FA3A EAEE413F2A43223F 16654E3ED4FD0D3F 7F06A5BDFD1F893E
10811C3E7DA528BF 3099403FDB42FA3A 7A13303F5A49223F B67A4E3E3C030E3F
84B1953DD0BBCC3D FE56433D891B44BF AD8D243F843762B3 2B7D7C3F30BED13E
D68FE13DFEDD163F 84B1953DD0BBCC3D 0D10463D851B44BF B18D243F22E75734
6BA47C3F30BED13E D68FE13DFEDD163F EFADC93D1958053E B0868BBB6DCF55BF
A7C90C3F9FE0A034 1082703F5AB2DF3E 48B5E73D2404163F F2ADC93D1858053E
1410463DB2D464BF E38AE53E0F64B434 6CA47C3F58B2DF3E 4AB5E73D2404163F
3557E53DE6572B3E DD936ABD6F1179BF 06AE6C3ECEB46834 2948643F3ED0F03E
80FAEA3DE9F8143F 3657E53DE7572B3E 0410463DE5487EBF 10AEEC3D2A624A33
6AA47C3F3ED0F03E 80FAEA3DE9F8143F 3857E53D05C8533E E26BD7BDE6487EBF
B6ADECBD485EDC32 1D3B593FAE83013F 80FAEA3D88DC133F 3857E53D05C8533E
0310463D721179BF D9AD6CBE38F89C32 6AA47C3FAE83013F 80FAEA3D88DC133F
F4ADC93DD2C7793E E75415BEB4D464BF DE8AE5BE1E905C33 58DB4F3FA2120A3F
4AB5E73D4CD1123F F6ADC93DD3C7793E 0010463D68CF55BF AEC90CBFE0FAD232
6AA47C3FA0120A3F 4AB5E73D4CD1123F 88B1953DFF608C3E 4C8F32BECFC62FBF
4C1D3ABFFD9BCEB2 1F46493FB40C113F D68FE13D73F7113F 85B1953DFF608C3E
F70F463D7EC318BF B36C4DBFD41CEFB3 6AA47C3FB40C113F D68FE13D73F7113F
474E1F3D087D963E 290741BED80ACBBE 6C026BBFEAE90EB4 EB03463F7C9A153F
F047D93D4269113F 3F4E1F3D077D963E 1510463D429592BE C34875BFBCF328B4
6CA47C3F7C9A153F F047D93D4269113F 00633936D8FF993E 2E8045BE7E5470BD
188F7FBFEAA312B4 0802453F5C2F173F 46DDCF3DE037113F 007B3836D7FF993E
0F10463D8C54703D 188F7FBF60C302B4 6CA47C3F5A2F173F 46DDCF3DE037113F
78481FBD087D963E 290741BE4595923E C34875BFE395C8B3 EB03463F7D9A153F
9E72C63D4269113F 80481FBD077D963E 0810463DD10ACB3E 6E026BBF8F3518B3
6BA47C3F7C9A153F 9D72C63D4269113F 9FAE95BD00618C3E 4D8F32BE7EC3183F
B36C4DBF86DF0E33 1F46493FB60C113F B72ABE3D73F7113F A3AE95BD00618C3E
0F10463DCEC62F3F 4D1D3ABF256F0933 6BA47C3FB40C113F B62ABE3D73F7113F
0FABC9BDD3C7793E E95415BE6ACF553F ABC90CBF19368AB2 58DB4F3FA2120A3F
4405B83D4CD1123F 0CABC9BDD4C7793E 0810463DB4D4643F DF8AE5BEADEDD3B2
6BA47C3FA2120A3F 4405B83D4CD1123F 5154E5BD06C8533E E06BD7BD7011793F
EBAD6CBE95E58B32 1D3B593FB083013F 0DC0B43D88DC133F 5254E5BD06C8533E
0310463DE5487E3F 11AEECBDC5247D33 6AA47C3FB083013F 0DC0B43D88DC133F
5354E5BDE8572B3E E3936ABDE6487E3F BAADEC3D03D21233 2948643F42D0F03E
0DC0B43DE9F8143F 5454E5BDE9572B3E 0410463D7111793F E3AD6C3E80731DB4
6AA47C3F42D0F03E 0DC0B43DE9F8143F 11ABC9BD1B58053E E0868BBBB6D4643F
D78AE53E8921A3B4 0F82703F5CB2DF3E 4305B83D2404163F 0EABC9BD1B58053E
0B10463D71CF553F A1C90C3F99ACB4B4 6BA47C3F5CB2DF3E 4405B83D2404163F
A6AE95BDD6BBCC3D 0457433D8A1B443F AC8D243FFC5B8DB4 2B7D7C3F34BED13E
B62ABE3DFEDD163F A6AE95BDD6BBCC3D 1410463D8B1B443F AB8D243F97FFD7B3
6BA47C3F34BED13E B62ABE3DFEDD163F 166D983D197AC93D 1510463D821B443F
B58D24BF4448F1B7 79FB353F4094173F 8CE2E13D71E9163F 166D983D1D7AC93D
FF56433D7F1B443F B88D24BFF56375B7 B822363F4094173F 8CE2E13D71E9163F
7A5CCD3D0348043E 0410463D6DCF553F A7C90CBFD48929B7 79FB353F9079103F
B824E83D9E0B163F 755CCD3D0348043E B0868BBBB3D4643F E38AE5BEA97AF1B4
D41D423F9079103F B824E83D9E0B163F 0487E93D69F92A3E 0410463D7111793F
E6AD6CBE56B3C4B4 79FB353F9EC2073F 3879EB3D82FB143F 0187E93D68F92A3E
DD936ABDE5487E3F 15AEECBD6C4504B4 BA574E3F9EC2073F 3879EB3D82FB143F
0487E93D8326543E 0310463DE6487E3F AFADEC3DD45232B3 79FB353F00F9FC3E
3879EB3DEFD9133F 0587E93D8326543E E26BD7BD7211793F CAAD6C3ED82DA031
C764593FFCF8FC3E 3879EB3DEFD9133F 7C5CCD3DE9D77A3E 0010463DB2D4643F
E48AE53E9A0784B3 79FB353F1A8BEB3E B824E83DD3C9123F 7A5CCD3DE7D77A3E
E75415BE68CF553F ADC90C3F1A2957B3 8DC4623F1A8BEB3E B824E83DD3C9123F
176D983D6D318D3E FB0F463DCDC62F3F 4E1D3A3F02C7FD31 79FB353FBC55DD3E
8CE2E13D00EC113F 1A6D983D6D318D3E 4B8F32BE7FC3183F B26C4D3F830BA033
C559693FBC55DD3E 8CE2E13D00EC113F B736223DB47C973E 0D10463DCA0ACB3E
70026B3FC5B16933 79FB353F9E0FD43E F273D93D365B113F BF36223DB47C973E
290741BE3E95923E C448753F8FECA833 FA9B6C3F9C0FD43E F273D93D365B113F
80773836EC0F9B3E 0F10463D9954703D 188F7F3F435ECB33 79FB353F16D7D03E
46DDCF3DEE28113F 805F3936ED0F9B3E 2E8045BE6D5470BD 188F7F3FD993AF33
DC9D6D3F16D7D03E 46DDCF3DEE28113F F63022BDB47C973E 0810463D3E9592BE
C448753FE1ECBB32 79FB353F9E0FD43E 9A46C63D365B113F F03022BDB47C973E
290741BECE0ACBBE 6F026B3FEEB902B3 FA9B6C3F9C0FD43E 9A46C63D365B113F
336A98BD6E318D3E 0C10463D7CC318BF B46C4D3F04B958B3 79FB353FBC55DD3E
01D8BD3D00EC113F 306A98BD6E318D3E 4F8F32BECDC62FBF 4F1D3A3FC8353EB3
C559693FBA55DD3E 01D8BD3D00EC113F 9459CDBDEAD77A3E 0810463D68CF55BF
AEC90C3F82B5C4B2 79FB353F188BEB3E D495B73DD3C9123F 9659CDBDE8D77A3E
E95415BEB3D464BF DF8AE53EB3DB24B3 8DC4623F188BEB3E D495B73DD3C9123F
2084E9BD8426543E 0310463D711179BF E1AD6C3E457A94B3 79FB353FFCF8FC3E
5441B43DEFD9133F 1E84E9BD8426543E E06BD7BDE5487EBF 01AEEC3D96AF8FB3
C764593FFCF8FC3E 5541B43DEFD9133F 2284E9BD6BF92A3E 0410463DE6487EBF
C6ADECBD587195B1 79FB353F9EC2073F 5441B43D82FB143F 2284E9BD6AF92A3E
E3936ABD721179BF D2AD6CBE6C174F34 BC574E3F9DC2073F 5441B43D82FB143F
9459CDBD0548043E 0C10463DB6D464BF D68AE5BEBD27AF34 79FB353F8F79103F
D495B73D9E0B163F 9759CDBD0548043E E0868BBB4FCF55BF D4C90CBFE9172CB6
D61D423F8F79103F D495B73D9E0B163F 386A98BD217AC93D 1410463D491B44BF
F88D24BF063487B6 79FB353F3F94173F 00D8BD3D71E9163F 376A98BD217AC93D
0057433D0A1B44BF 448E24BFC6590EB7 B822363F3F94173F 00D8BD3D71E9163F
166D983D1D7AC93D FF56433D83F51BBF 22DE02BFB2321BBF 8B77423F6B04173F
8CE2E13D71E9163F 84B1953DD0BBCC3D FE56433D1B7902BF F8AC1BBF45D01BBF
A772423F6B04173F D68FE13DFEDD163F 755CCD3D0348043E B0868BBBA1BBF2BE
B16323BF32461BBF 53D6423FED45163F B824E83D9E0B163F EFADC93D1958053E
B0868BBB5DFBA1BE DFC13BBF5D061ABF BBCF423FED45163F 48B5E73D2404163F
0187E93D68F92A3E DD936ABD624268BE 3B7341BF5D4B1DBF C108433F8A83153F
3879EB3D82FB143F 3557E53DE6572B3E DD936ABD13783FBD C77E47BF8FFB1FBF
4201433F8A83153F 80FAEA3DE9F8143F 0587E93D8326543E E26BD7BD0EA02C3D
9CDD3FBFF42229BF C108433FD5D3143F 3879EB3DEFD9133F 3857E53D05C8533E
E26BD7BD6E83553E EC4B34BF40B92DBF 4201433FD5D3143F 80FAEA3D88DC133F
7A5CCD3DE7D77A3E E75415BEC919863E 465C1EBF17A33DBF 53D6423FCB3E143F
B824E83DD3C9123F F4ADC93DD2C7793E E75415BE2694BE3E DC3302BF13C146BF
BBCF423FCB3E143F 4AB5E73D4CD1123F 1A6D983D6D318D3E 4B8F32BE2D66AD3E
75A0BEBE27365DBF 8B77423F21D6133F 8CE2E13D00EC113F 88B1953DFF608C3E
4C8F32BE7511B23E A63176BE30FE67BF A772423F21D6133F D68FE13D73F7113F
BF36223DB47C973E 290741BE903E6A3E 599DFEBDDA2B77BF D9F7413F51A2133F
F273D93D365B113F 474E1F3D087D963E 290741BEBC00383E A80E54BDF17B7BBF
3FF5413F51A2133F F047D93D4269113F 805F3936ED0F9B3E 2E8045BE9A23103D
83E74DBC3BD27FBF A466413F4D92133F 46DDCF3DEE28113F 00633936D8FF993E
2E8045BE8E460DBD 13A351BCA3D37FBF A466413F4D92133F 46DDCF3DE037113F
F03022BDB47C973E 290741BE4E2736BE E65E52BDE5927BBF 6ED5403F51A2133F
9A46C63D365B113F 78481FBD087D963E 290741BE77886ABE 191800BEF82077BF
09D8403F51A2133F 9E72C63D4269113F 306A98BD6E318D3E 4F8F32BEC2E0B0BE
321475BE4D4B68BF BC55403F21D6133F 01D8BD3D00EC113F 9FAE95BD00618C3E
4D8F32BE6EBCADBE 9370BFBE45F85CBF A15A403F21D6133F B72ABE3D73F7113F
9659CDBDE8D77A3E E95415BE72A3BDBE C2D001BF4F3B47BF F5F63F3FCB3E143F
D495B73DD3C9123F 0FABC9BDD3C7793E E95415BE3F4F86BE 69E61EBFEB253DBF
8CFD3F3FCB3E143F 4405B83D4CD1123F 1E84E9BD8426543E E06BD7BDAD6C54BE
30D833BF58462EBF 87C43F3FD5D3143F 5541B43DEFD9133F 5154E5BD06C8533E
E06BD7BD4E6C2BBD A66040BF138F28BF 06CC3F3FD5D3143F 0DC0B43D88DC133F
2284E9BD6AF92A3E E3936ABD5CE4403D 410747BF758E20BF 87C43F3F8A83153F
5441B43D82FB143F 5354E5BDE8572B3E E3936ABDDB29693E BCDD41BF8CB21CBF
06CC3F3F8A83153F 0DC0B43DE9F8143F 9759CDBD0548043E E0868BBB37D0A13E
854E3BBFDC9D1ABF F5F63F3FED45163F D495B73D9E0B163F 11ABC9BD1B58053E
E0868BBB9E6FF33E 2CAF23BFFAAF1ABF 8CFD3F3FED45163F 4305B83D2404163F
376A98BD217AC93D 0057433D89A7023F 08861BBF41D01BBF BC55403F6B04173F
00D8BD3D71E9163F A6AE95BDD6BBCC3D 0457433D48FD1C3F 99BA03BFA36B19BF
A15A403F6B04173F B62ABE3DFEDD163F 87B1953D4BAE82BE 0457433D8B1B44BF
AA8D243F7F3762B3 2B7D7C3F30BED13E D68FE13DECDB203F 87B1953D4BAE82BE
1210463D861B44BF B08D243F04D29C34 6BA47C3F30BED13E D68FE13DECDB203F
F2ADC93D656266BE 78868BBB6DCF55BF A7C90C3F7D79D334 1082703F5AB2DF3E
48B5E73D1302203F F5ADC93D676266BE 1B10463DB2D464BF E48AE53EEBFCE634
6CA47C3F58B2DF3E 4AB5E73D1302203F 3857E53D986240BE D5936ABD6F1179BF
07AE6C3EE5EC8534 2948643F3ED0F03E 80FAEA3DD8F61E3F 3957E53D976240BE
0C10463DE5487EBF 0BAEEC3D28624A33 6AA47C3F3ED0F03E 80FAEA3DD8F61E3F
3B57E53D7AF217BE DE6BD7BDE6487EBF BCADECBDE35A1E33 1D3B593FAE83013F
80FAEA3D76DA1D3F 3B57E53D79F217BE 0A10463D711179BF DBAD6CBE2C115933
6AA47C3FAE83013F 80FAEA3D76DA1D3F F6ADC93D59E5E3BD E55415BEB4D464BF
DC8AE5BEE3B0EC33 58DB4F3FA2120A3F 4AB5E73D3BCF1C3F F9ADC93D56E5E3BD
0710463D69CF55BF ACC90CBFBEA9AD33 6AA47C3FA0120A3F 4AB5E73D3BCF1C3F
8AB1953DFFF0A5BD 4A8F32BED1C62FBF 4B1D3ABF29C99032 1F46493FB40C113F
D68FE13D62F51B3F 88B1953DFFF0A5BD FC0F463D7FC318BF B36C4DBFDA61D0B3
6AA47C3FB40C113F D68FE13D62F51B3F 4C4E1F3DB7017BBD 2A0741BED80ACBBE
6C026BBF72D808B4 EB03463F7C9A153F F047D93D31671B3F 444E1F3DBF017BBD
1C10463D429592BE C34875BFBAF328B4 6CA47C3F7C9A153F F047D93D31671B3F
80633A3637EB5EBD 2E8045BE795470BD 188F7FBFEAA312B4 0802453F5C2F173F
46DDCF3DCF351B3F 007B39363FEB5EBD 1610463D9454703D 188F7FBF62C302B4
6CA47C3F5A2F173F 46DDCF3DCF351B3F 73481FBDB7017BBD 270741BE4C95923E
C24875BFDF95C8B3 EB03463F7D9A153F 9E72C63D31671B3F 7B481FBDBF017BBD
0F10463DD80ACB3E 6C026BBF400A05B1 6BA47C3F7C9A153F 9D72C63D31671B3F
9DAE95BDFFF0A5BD 4B8F32BE81C3183F B16C4DBFDF32BB33 1F46493FB60C113F
B72ABE3D62F51B3F A0AE95BDFBF0A5BD 1610463DCFC62F3F 4C1D3ABF72F1C633
6BA47C3FB40C113F B62ABE3D62F51B3F 0DABC9BD5BE5E3BD E75415BE6BCF553F
AAC90CBF98DE0432 58DB4F3FA2120A3F 4405B83D3BCF1C3F 09ABC9BD58E5E3BD
0F10463DB4D4643F DC8AE5BE34710BB3 6BA47C3FA2120A3F 4405B83D3BCF1C3F
4E54E5BD78F217BE DE6BD7BD7011793F EFAD6CBEF05AF130 1D3B593FB083013F
0DC0B43D76DA1D3F 4F54E5BD79F217BE 0C10463DE5487E3F 11AEECBDFBF84C33
6AA47C3FB083013F 0DC0B43D76DA1D3F 5054E5BD966240BE DD936ABDE6487E3F
B9ADEC3DFDD11233 2948643F42D0F03E 0DC0B43DD8F61E3F 5154E5BD956240BE
0D10463D7111793F E3AD6C3E80731DB4 6AA47C3F42D0F03E 0DC0B43DD8F61E3F
0EABC9BD636266BE A8868BBBB6D4643F D68AE53E8821A3B4 0F82703F5CB2DF3E
4305B83D1302203F 0BABC9BD636266BE 1210463D70CF553F A1C90C3F99ACB4B4
6BA47C3F5CB2DF3E 4405B83D1302203F A3AE95BD49AE82BE 0B57433D891B443F
AD8D243FFC5B8DB4 2B7D7C3F34BED13E B62ABE3DECDB203F A3AE95BD49AE82BE
1B10463D891B443F AD8D243F9AFFD7B3 6BA47C3F34BED13E B62ABE3DECDB203F
196D983DB97E83BE 1C10463D841B443F B28D24BFF18071B8 79FB353F4094173F
8CE2E13D60E7203F 196D983DB77E83BE 0657433D7F1B443F B88D24BFC98EF3B7
B822363F4094173F 8CE2E13D60E7203F 7D5CCD3D7B7267BE 0B10463D6DCF553F
A6C90CBF3E72A6B7 79FB353F9079103F B824E83D8D09203F 785CCD3D7B7267BE
78868BBBB2D4643F E48AE5BEA97AF1B4 D41D423F9079103F B824E83D8D09203F
0787E93D15C140BE 0C10463D7111793F E6AD6CBE58B3C4B4 79FB353F9EC2073F
3879EB3D70F91E3F 0487E93D16C140BE D5936ABDE5487E3F 15AEECBD6A4504B4
BA574E3F9EC2073F 3879EB3D70F91E3F 0787E93DFB9317BE 0A10463DE6487E3F
AFADEC3D8A7E62B3 79FB353F00F9FC3E 3879EB3DDED71D3F 0887E93DFC9317BE
DE6BD7BD7211793F CAAD6C3E70F1A0B2 C764593FFCF8FC3E 3879EB3DDED71D3F
7F5CCD3D2AC5E1BD 0710463DB2D4643F E48AE53E969ACBB3 79FB353F1A8BEB3E
B824E83DC2C71C3F 7C5CCD3D2DC5E1BD E55415BE68CF553F AEC90C3FBFA9ADB3
8DC4623F1A8BEB3E B824E83DC2C71C3F 1A6D983D47AFA2BD 0210463DCDC62F3F
4E1D3A3F31C990B2 79FB353FBC55DD3E 8CE2E13DEEE91B3F 1C6D983D47AFA2BD
4A8F32BE80C3183F B26C4D3F86508133 C559693FBC55DD3E 8CE2E13DEEE91B3F
BC36223D570473BD 1410463DCA0ACB3E 70026B3FED6B5133 79FB353F9E0FD43E
F273D93D25591B3F C436223D570473BD 2A0741BE3795923E C548753F79472133
FA9B6C3F9C0FD43E F273D93D25591B3F 80773936976A56BD 1610463D5154703D
188F7F3F01655632 79FB353F16D7D03E 46DDCF3DDC261B3F 00603A36976A56BD
2E8045BE735470BD 188F7F3F01C3FDAF DC9D6D3F16D7D03E 46DDCF3DDC261B3F
F13022BD570473BD 0F10463D379592BE C548753F5136A5B2 79FB353F9E0FD43E
9A46C63D25591B3F EB3022BD570473BD 270741BECE0ACBBE 6F026B3F664F89B3
FA9B6C3F9C0FD43E 9A46C63D25591B3F 306A98BD43AFA2BD 1210463D7FC318BF
B26C4D3F941FE0B3 79FB353FBC55DD3E 01D8BD3DEEE91B3F 2E6A98BD47AFA2BD
4D8F32BECBC62FBF 501D3A3F408ABDB3 C559693FBA55DD3E 01D8BD3DEEE91B3F
9159CDBD28C5E1BD 0F10463D65CF55BF B2C90C3FB403B6B2 79FB353F188BEB3E
D495B73DC2C71C3F 9459CDBD2BC5E1BD E75415BEB2D464BF E48AE53E811AECB2
8DC4623F188BEB3E D495B73DC2C71C3F 1D84E9BDF99317BE 0A10463D721179BF
D9AD6C3EC46692B3 79FB353FFCF8FC3E 5541B43DDED71D3F 1B84E9BDFA9317BE
DE6BD7BDE5487EBF F3ADEC3D75C5A7B3 C764593FFCF8FC3E 5541B43DDED71D3F
1F84E9BD13C140BE 0D10463DE6487EBF C8ADECBD707195B1 79FB353F9EC2073F
5441B43D70F91E3F 1F84E9BD14C140BE DD936ABD721179BF D2AD6CBE6C174F34
BC574E3F9DC2073F 5441B43D70F91E3F 9159CDBD797267BE 1210463DB6D464BF
D38AE5BEBD27AF34 79FB353F8F79103F D495B73D8C09203F 9459CDBD797267BE
A8868BBB4FCF55BF D4C90CBF06182CB6 D61D423F8F79103F D495B73D8C09203F
356A98BDB77E83BE 1910463D4B1B44BF F68D24BF1B3487B6 79FB353F3F94173F
00D8BD3D60E7203F 346A98BDB77E83BE 0557433D0C1B44BF 418E24BFDB590EB7
B822363F3F94173F 00D8BD3D60E7203F 196D983DB77E83BE 0657433D2BF51BBF
7FDE02BFBB321BBF 8B77423F6B04173F 8CE2E13D60E7203F 87B1953D4BAE82BE
0457433DEA7802BF 21AD1BBF46D01BBF A772423F6B04173F D68FE13DECDB203F
785CCD3D7B7267BE 78868BBB5EBBF2BE CB6323BF31461BBF 53D6423FED45163F
B824E83D8D09203F F2ADC93D656266BE 78868BBB5DFBA1BE DFC13BBF5E061ABF
BBCF423FED45163F 48B5E73D1302203F 0487E93D16C140BE D5936ABD624268BE
3C7341BF5C4B1DBF C108433F8A83153F 3879EB3D70F91E3F 3857E53D986240BE
D5936ABD13783FBD C87E47BF8EFB1FBF 4201433F8A83153F 80FAEA3DD8F61E3F
0887E93DFC9317BE DE6BD7BD0CA02C3D 9CDD3FBFF32229BF C108433FD5D3143F
3879EB3DDED71D3F 3B57E53D7AF217BE DE6BD7BDCE83553E E44B34BF41B92DBF
4201433FD5D3143F 80FAEA3D76DA1D3F 7C5CCD3D2DC5E1BD E55415BE191A863E
315C1EBF1AA33DBF 53D6423FCB3E143F B824E83DC2C71C3F F6ADC93D59E5E3BD
E55415BE3C94BE3E D73302BF11C146BF BBCF423FCB3E143F 4AB5E73D3BCF1C3F
1C6D983D47AFA2BD 4A8F32BEF265AD3E C9A0BEBE21365DBF 8B77423F21D6133F
8CE2E13DEEE91B3F 8AB1953DFFF0A5BD 4A8F32BE2911B23E 913276BE2FFE67BF
A772423F21D6133F D68FE13D62F51B3F C436223D570473BD 2A0741BE5B3E6A3E
829EFEBDD92B77BF D9F7413F51A2133F F273D93D25591B3F 4C4E1F3DB7017BBD
2A0741BEC100383E BC0E54BDF17B7BBF 3FF5413F51A2133F F047D93D31671B3F
00603A36976A56BD 2E8045BE3523103D 58E74DBC3BD27FBF A466413F4D92133F
46DDCF3DDC261B3F 80633A3637EB5EBD 2E8045BEF5460DBD 43A351BCA3D37FBF
A466413F4D92133F 46DDCF3DCF351B3F EB3022BD570473BD 270741BE5B2736BE
EE5E52BDE5927BBF 6ED5403F51A2133F 9A46C63D25591B3F 73481FBDB7017BBD
270741BE79886ABE 181800BEF82077BF 09D8403F51A2133F 9E72C63D31671B3F
2E6A98BD47AFA2BD 4D8F32BEC4E0B0BE 351475BE4C4B68BF BC55403F21D6133F
01D8BD3DEEE91B3F 9DAE95BDFFF0A5BD 4B8F32BECEBCADBE 4370BFBE43F85CBF
A15A403F21D6133F B72ABE3D62F51B3F 9459CDBD2BC5E1BD E75415BE5CA4BDBE
79D001BF473B47BF F5F63F3FCB3E143F D495B73DC2C71C3F 0DABC9BD5BE5E3BD
E75415BE355086BE 2EE61EBFF2253DBF 8CFD3F3FCB3E143F 4405B83D3BCF1C3F
1B84E9BDFA9317BE DE6BD7BDCB6D54BE 1AD833BF59462EBF 87C43F3FD5D3143F
5541B43DDED71D3F 4E54E5BD78F217BE DE6BD7BD556C2BBD A76040BF128F28BF
06CC3F3FD5D3143F 0DC0B43D76DA1D3F 1F84E9BD14C140BE DD936ABD5CE4403D
410747BF758E20BF 87C43F3F8A83153F 5441B43D70F91E3F 5054E5BD966240BE
DD936ABDDB29693E BCDD41BF8CB21CBF 06CC3F3F8A83153F 0DC0B43DD8F61E3F
9459CDBD797267BE A8868BBB38D0A13E 844E3BBFDD9D1ABF F5F63F3FED45163F
D495B73D8C09203F 0EABC9BD636266BE A8868BBBE36FF33E 11AF23BFFBAF1ABF
8CFD3F3FED45163F 4305B83D1302203F 346A98BDB77E83BE 0557433DBBA7023F
DD851BBF42D01BBF BC55403F6B04173F 00D8BD3D60E7203F A3AE95BD49AE82BE
0B57433DA2FD1C3F 3BBA03BF976B19BF A15A403F6B04173F B62ABE3DECDB203F
261CFC3E68ECA032 BACB3D3DFCC07F3F D59333BD4079DFB2 130E7E3F9BA66E3F
A58B233EE4AD193F 261CFC3E3793BA32 D70B623DFCC07F3F 8F93333D8DA11CB3
130E7E3F92E2743F A58B233EE4AD193F FF84F33E7180023E B6CB3D3DB1F1793F
58695D3E25778DB3 80C2793F9BA66E3F A383213E2218163F FF84F33E7180023E
D30B623D6622743F F9119A3E3B148DB3 80C2793F93E2743F A383213E2218163F
6855DA3E261C7C3E B3CB3D3DE219633F 6A50EC3E8EBBB1B3 B52A6D3F9CA66E3F
0C8F1B3EEBC0123F 6855DA3E261C7C3E CF0B623DA8E0573F C798093F643AC2B3
B52A6D3F93E2743F 0C8F1B3EEBC0123F C644B23EC644B23E B0CB3D3D14C83C3F
B4E82C3FA36EDEB3 6522593F9CA66E3F C615123E87E20F3F C744B23EC644B23E
CD0B623DB9E82C3F 10C83C3FBA977C34 6522593F93E2743F C615123E87E20F3F
271C7C3E6855DA3E AECB3D3DC998093F A7E0573F3507EE34 0B073F3F9CA66E3F
1ABD053E03AF0D3F 261C7C3E6855DA3E CB0B623D6950EC3E E219633FF4573035
0B073F3F93E2743F 19BD053E03AF0D3F 7280023EFE84F33E AECB3D3DF3119A3E
6722743FA1ECCD34 1EA0203F9CA66E3F D4B8EE3DC54C0C3F 7180023EFE84F33E
CB0B623D50695D3E B2F1793F317E0F34 1EA0203F93E2743F D4B8EE3DC54C0C3F
00600B33251CFC3E AECB3D3DB093333D FCC07F3FC95A48B3 0300003F9CA66E3F
1BDDCF3DF2D30B3F 00802933251CFC3E CB0B623D8B9333BD FCC07F3F4DAA4DB4
0300003F93E2743F 1BDDCF3DF2D30B3F 6A8002BEFF84F33E B0CB3D3D4E695DBE
B2F1793FF6B7C4B4 CEBFBE3E9CA66E3F 6301B13DC54C0C3F 6B8002BEFF84F33E
CD0B623DF4119ABE 6722743FEBFE23B5 CEBFBE3E93E2743F 6201B13DC54C0C3F
1F1C7CBE6955DA3E B2CB3D3D6350ECBE E319633F681E69B5 F3F1813E9CA66E3F
0440943D03AF0D3F 201C7CBE6955DA3E CF0B623DC49809BF AAE0573FBFFB2CB5
F3F1813E93E2743F 0440943D03AF0D3F C544B2BEC944B23E B6CB3D3DB3E82CBF
15C83C3FDEAFDCB4 7E761B3E9CA66E3F 541D773D87E20F3F C444B2BEC944B23E
D30B623D10C83CBF B9E82C3F99C576B3 7E761B3E93E2743F 541D773D87E20F3F
6655DABE2C1C7C3E BACB3D3DA7E057BF C998093F5FEE21B3 70AA963D9BA66E3F
3C38513DEAC0123F 6655DABE2C1C7C3E D70B623DDF1963BF 7250EC3E8853EAB2
70AA963D93E2743F 3C38513DEAC0123F FE84F3BE7980023E BFCB3D3D652274BF
FF119A3E28DCCFB1 30B0C73C9BA66E3F E065393D2118163F FE84F3BE7980023E
DB0B623DB1F179BF 65695D3E2C45A5B1 30B0C73C93E2743F E065393D2118163F
261CFCBEF8953534 C2CB3D3DFCC07FBF EF93333D2A79DF32 80F6F83B9BA66E3F
D545313DE3AD193F 261CFCBED1CA3834 DF0B623DFDC07FBF 479333BD7EA11C33
80F6F83B92E2743F D545313DE3AD193F 261CFCBEF8953534 C2CB3D3DFCC07FBF
EF93333D2A79DF32 80F6F83BB4CB773F D545313DE3AD193F 261CFCBED1CA3834
DF0B623DFDC07FBF 479333BD7EA11C33 80F6F83BAC077E3F D545313DE3AD193F
0185F3BE628002BE C6CB3D3DB3F179BF 38695DBE0F778D33 E0AFC73CB4CB773F
DD65393DA5431D3F 0185F3BE628002BE E30B623D692274BF E6119ABE32148D33
E0AFC73CAC077E3F DD65393DA5431D3F 6D55DABE181C7CBE C9CB3D3DE61963BF
5B50ECBE87BBB133 44AA963DB4CB773F 3638513DDC9A203F 6D55DABE181C7CBE
E60B623DABE057BF C29809BF5F3AC233 44AA963DAC077E3F 3638513DDC9A203F
CD44B2BEBF44B2BE CCCB3D3D16C83CBF B2E82CBFA26EDE33 60761B3EB4CB773F
4A1D773D3F79233F CD44B2BEBF44B2BE E90B623DBCE82CBF 0DC83CBFC8977CB4
60761B3EAC077E3F 4A1D773D3F79233F 2C1C7CBE6555DABE CECB3D3DCD9809BF
A4E057BF4207EEB4 E4F1813EB4CB773F 0140943DC4AC253F 2D1C7CBE6555DABE
EB0B623D7250ECBE E01963BFFD5730B5 E4F1813EAC077E3F 0140943DC4AC253F
7A8002BEFC84F3BE CFCB3D3D00129ABE 652274BFB9ECCDB4 BDBFBE3EB4CB773F
5E01B13D020F273F 7B8002BEFC84F3BE EB0B623D6C695DBE B0F179BF507E0FB4
BDBFBE3EAC077E3F 5E01B13D020F273F 00804EB4251CFCBE CECB3D3D1B9433BD
FCC07FBFAD5A4833 F4FFFF3EB4CB773F 17DDCF3DD587273F 00F046B4251CFCBE
EB0B623D3393333D FDC07FBF51AA4D34 F4FFFF3EAC077E3F 17DDCF3DD587273F
6380023E0085F3BE CCCB3D3D37695D3E B3F179BFE8B7C434 16A0203FB4CB773F
D0B8EE3D020F273F 6280023E0085F3BE E90B623DE6119A3E 692274BFDDFE2335
16A0203FAC077E3F D0B8EE3D020F273F 1A1C7C3E6C55DABE CACB3D3D5B50EC3E
E61963BF611E6935 04073F3FB4CB773F 18BD053EC4AC253F 191C7C3E6C55DABE
E70B623DC298093F ABE057BFBCFB2C35 04073F3FAC077E3F 18BD053EC4AC253F
C044B23ECD44B2BE C6CB3D3DB2E82C3F 17C83CBFE0AFDC34 5E22593FB4CB773F
C515123E4079233F C044B23ECD44B2BE E30B623D0DC83C3F BCE82CBFA2C57633
5E22593FAC077E3F C515123E4079233F 6355DA3E371C7CBE C2CB3D3DA3E0573F
D09809BF6DEE2133 B02A6D3FB4CB773F 0B8F1B3EDD9A203F 6355DA3E371C7CBE
DF0B623DDD19633F 7A50ECBE9A53EA32 B02A6D3FAC077E3F 0B8F1B3EDD9A203F
FC84F33E868002BE BECB3D3D6422743F 07129ABE68DCCF31 7EC2793FB4CB773F
A283213EA6431D3F FC84F33E868002BE DB0B623DB0F1793F 6F695DBE0446A531
7EC2793FAC077E3F A283213EA6431D3F 261CFC3E68ECA032 BACB3D3DFCC07F3F
D59333BD4079DFB2 130E7E3FB4CB773F A58B233EE4AD193F 261CFC3E3793BA32
D70B623DFCC07F3F 8F93333D8DA11CB3 130E7E3FAC077E3F A58B233EE4AD193F
6F4C0ABE57B62DBE 4B439E3D178F7FBF 685570BD0A0EE035 E48E513CC179283F
67BD443FC82D1A3F 704C0ABE57B62DBE 22B2613D188F7FBF 7054703DBF559CB4
8A5A983CC179283F 67BD443FC82D1A3F 60E601BE6829FCBD 4E439E3DC44875BF
3B95923EFACAA4B5 E48E513C4A41293F 15CB433F4CBA143F 60E601BE7829FCBD
26B2613D72026BBF BD0ACB3EC6B9A6B5 8A5A983C4A41293F 15CB433F4CBA143F
0F6FD3BDB063A8BD 4E439E3DBB6C4DBF 74C3183F141480B5 E48E513CD27F2B3F
5511413F20EF0F3F 106FD3BDB063A8BD 29B2613D551D3ABF C6C62F3FE7E77DB3
8A5A983CD27F2B3F 5511413F20EF0F3F 285589BD0F6C54BD 50439E3D9FC90CBF
71CF553FA0E0B0B3 E48E513C0FF02E3F 55E43C3F48600C3F 285589BD106C54BD
2AB2613DA28AE5BE C3D4643F26B9C6B3 8A5A983C0FF02E3F 55E43C3F48600C3F
9EBCB9BC0E4112BD 4F439E3D51AD6CBE 7A11793FE08BE9B3 E48E513CD427333F
01C5373FA27B0A3F 9EBCB9BC0F4112BD 2AB2613DE2ACECBD E9487E3F539A01B6
8A5A983CD427333F 01C5373FA27B0A3F 2231C93C0E4112BD 4F439E3D9CAEEC3D
E3487E3F99BD84B6 E48E513CE5A4373F 8351323FA27B0A3F 0231C93C2F4112BD
29B2613D26AE6C3E 6D11793FC5C784B6 8A5A983CE4A4373F 8351323FA27B0A3F
40328D3D4D6C54BD 4F439E3DD68AE53E B6D4643F347C0FB6 E48E513CAADC3B3F
2F322D3F48600C3F 40328D3D4E6C54BD 27B2613D95C90C3F 78CF553F4ABEFAB3
8A5A983CAADC3B3F 2F322D3F48600C3F 214CD73DB663A8BD 4D439E3D3C1D3A3F
E0C62F3FAE99E0B3 E48E513CE64C3F3F 2D05293F20EF0F3F 204CD73DB663A8BD
26B2613DAD6C4D3F 86C3183F84C3C3B5 8A5A983CE64C3F3F 2D05293F20EF0F3F
ECD4033E6E29FCBD 4C439E3D72026B3F C10ACB3E2A4600B6 E48E513C708B413F
6F4B263F4CBA143F ECD4033E8629FCBD 23B2613DC848753F 2395923EC8F3FEB5
8A5A983C6F8B413F 6F4B263F4CBA143F F93A0C3E55B62DBE 4A439E3D188F7F3F
3E54703D014309B5 E48E513CF852423F 1B59253FC82D1A3F F83A0C3E55B62DBE
21B2613D188F7F3F 0E5470BDE614D0B2 8A5A983CF852423F 1B59253FC82D1A3F
F93A0C3E55B62DBE 4A439E3D188F7F3F 3E54703D014309B5 E48E513C263F613F
1B59253FC82D1A3F F83A0C3E55B62DBE 21B2613D188F7F3F 0E5470BDE614D0B2
8A5A983C263F613F 1B59253FC82D1A3F EDD4033EED575DBE 48439E3DC748753F
2A9592BEE0218F31 E48E513C9D77603F 6F4B263F45A11F3F EDD4033EED575DBE
1EB2613D71026B3F C10ACBBEB97B9F32 8A5A983C9D77603F 6F4B263F45A11F3F
224CD73D679D83BE 48439E3DB56C4D3F 7CC318BFBABF4533 E48E513C14395E3F
2D05293F716C243F 214CD73D679D83BE 1CB2613D4B1D3A3F D0C62FBF43D70CB5
8A5A983C14395E3F 2D05293F716C243F 42328D3DCF2893BE 47439E3DA6C90C3F
6DCF55BFDFFB59B5 E48E513CD7C85A3F 2E322D3F48FB273F 3A328D3DCF2893BE
1BB2613DCC8AE53E B8D464BFCD4057B5 8A5A983CD7C85A3F 2E322D3F48FB273F
E830C93C346E9BBE 48439E3DE5AD6C3E 711179BFCFC258B4 E48E513C1391563F
8351323FEEDF293F E830C93C346E9BBE 1BB2613D2BAEEC3D E4487EBFB22AB6B4
8A5A983C1391563F 8351323FEEDF293F 98BCB9BC366E9BBE 47439E3D90ADECBD
E6487EBFCCB04BB5 E48E513C0014523F FFC4373FEEDF293F 98BCB9BC356E9BBE
1CB2613DCEAD6CBE 721179BF5F5F4BB5 8A5A983C0014523F FFC4373FEEDF293F
265589BDD02893BE 48439E3DDE8AE5BE B4D464BF375CA4B4 A48E513C3DDC4D3F
55E43C3F48FB273F 265589BDD02893BE 1EB2613DAAC90CBF 6BCF55BF41BEFA33
8A5A983C3DDC4D3F 55E43C3F48FB273F FE6ED3BD6A9D83BE 4A439E3D4C1D3ABF
D0C62FBFA299E033 E48E513C006C4A3F 5511413F726C243F FF6ED3BD6A9D83BE
20B2613DAD6C4DBF 86C318BFD719A335 8A5A983C006C4A3F 5511413F726C243F
57E601BEFB575DBE 4A439E3D66026BBF F60ACBBE96A73D36 E48E513C772D483F
15CB433F46A11F3F 5FE601BEF7575DBE 21B2613DBD4875BF 699592BE53DB3C36
8A5A983C762D483F 15CB433F46A11F3F 6F4C0ABE57B62DBE 4B439E3D178F7FBF
685570BD0A0EE035 E48E513CEE65473F 67BD443FC82D1A3F 704C0ABE57B62DBE
22B2613D188F7FBF 7054703DBF559CB4 8A5A983CEE65473F 67BD443FC82D1A3F
704C0ABEC3DF3E3E 4D439E3D178F7FBF 925570BDFD38F535 E48E513CC179283F
67BD443FC82D1A3F 714C0ABEC3DF3E3E 27B2613D188F7FBF 4B54703DB0559CB4
8A5A983CC179283F 67BD443FC82D1A3F 61E601BE6B816E3E 50439E3DC54875BF
3695923EF5CAA4B5 E48E513C4A41293F 15CB433F4CBA143F 61E601BE63816E3E
2AB2613D73026BBF BB0ACB3EC2B9A6B5 8A5A983C4A41293F 15CB433F4CBA143F
116FD3BD23328C3E 50439E3DBA6C4DBF 75C3183F121480B5 E48E513CD27F2B3F
5511413F20EF0F3F 126FD3BD23328C3E 2DB2613D551D3ABF C6C62F3FE7E77DB3
8A5A983CD27F2B3F 5511413F20EF0F3F 2A5589BD8DBD9B3E 52439E3D95C90CBF
78CF553FAAE0B0B3 E48E513C0FF02E3F 55E43C3F48600C3F 2A5589BD8DBD9B3E
2FB2613D708AE5BE CFD4643F38B9C6B3 8A5A983C0FF02E3F 55E43C3F48600C3F
A6BCB9BCE902A43E 51439E3DEAAC6CBE 8011793FEC8BE9B3 E48E513CD427333F
01C5373FA27B0A3F A6BCB9BCE902A43E 2EB2613D7BACECBD EB487E3F519A01B6
8A5A983CD427333F 01C5373FA27B0A3F 1A31C93CE902A43E 51439E3D9CAEEC3D
E3487E3F99BD84B6 E48E513CE5A4373F 8351323FA27B0A3F FA30C93CE502A43E
2DB2613D26AE6C3E 6D11793FC5C784B6 8A5A983CE4A4373F 8351323FA27B0A3F
3E328D3D81BD9B3E 51439E3DD68AE53E B6D4643F347C0FB6 E48E513CAADC3B3F
2F322D3F48600C3F 3E328D3D81BD9B3E 2CB2613D96C90C3F 78CF553F49BEFAB3
8A5A983CAADC3B3F 2F322D3F48600C3F 1F4CD73D1D328C3E 4F439E3D3B1D3A3F
E1C62F3FAE99E0B3 E48E513CE64C3F3F 2D05293F20EF0F3F 1E4CD73D1D328C3E
2AB2613DAD6C4D3F 86C3183F86C3C3B5 8A5A983CE64C3F3F 2D05293F20EF0F3F
EBD4033E5F816E3E 4E439E3D71026B3F C30ACB3E2F4600B6 E48E513C708B413F
6F4B263F4CBA143F EBD4033E53816E3E 27B2613DC748753F 2A95923ED1F3FEB5
8A5A983C6F8B413F 6F4B263F4CBA143F F83A0C3EC7DF3E3E 4C439E3D188F7F3F
9054703D134309B5 E48E513CF852423F 1B59253FC82D1A3F F73A0C3EC7DF3E3E
26B2613D198F7F3F C85370BDF714D0B2 8A5A983CF852423F 1B59253FC82D1A3F
F83A0C3EC7DF3E3E 4C439E3D188F7F3F 9054703D134309B5 E48E513C263F613F
1B59253FC82D1A3F F73A0C3EC7DF3E3E 26B2613D198F7F3F C85370BDF714D0B2
8A5A983C263F613F 1B59253FC82D1A3F ECD4033E2B3E0F3E 4A439E3DC848753F
229592BEA0218F31 E48E513C9D77603F 6F4B263F45A11F3F ECD4033E2B3E0F3E
22B2613D73026B3F BA0ACBBEA87B9F32 8A5A983C9D77603F 6F4B263F45A11F3F
204CD73D90B6CA3D 4A439E3DBA6C4D3F 75C318BFABBF4533 E48E513C14395E3F
2D05293F716C243F 1F4CD73D90B6CA3D 20B2613D501D3A3F CBC62FBF85C694B5
8A5A983C14395E3F 2D05293F716C243F 48328D3DEF888C3D 49439E3DA6C90C3F
6DCF55BFE109E5B5 E48E513CD7C85A3F 2E322D3F48FB273F 38328D3DEF888C3D
1FB2613DC38AE53E BAD464BFB7AE06B6 8A5A983CD7C85A3F 2E322D3F48FB273F
0031C93CC0E6563D 4A439E3DCAAD6C3E 721179BF0FF55CB5 E48E513C1391563F
8351323FEEDF293F E030C93CBFE6563D 1FB2613DF5ADEC3D E5487EBFDA2E94B5
8A5A983C1391563F 8351323FEEDF293F 80BCB9BCB0E6563D 49439E3DE2ADECBD
E5487EBF6760B2B5 E48E513C0014523F FFC4373FEEDF293F A0BCB9BCBFE6563D
20B2613D02AE6CBE 6F1179BF868688B5 8A5A983C0014523F FFC4373FEEDF293F
205589BDF7888C3D 4B439E3DE78AE5BE B2D464BF2D80FD34 A48E513C3DDC4D3F
55E43C3F48FB273F 285589BDF7888C3D 22B2613DA8C90CBF 6CCF55BFE5B78735
8A5A983C3DDC4D3F 55E43C3F48FB273F 006FD3BD8EB6CA3D 4C439E3D4A1D3ABF
D2C62FBFF4C83835 E48E513C006C4A3F 5511413F726C243F 016FD3BD8EB6CA3D
24B2613DAD6C4DBF 86C318BFEE0CE035 8A5A983C006C4A3F 5511413F726C243F
58E601BE233E0F3E 4C439E3D65026BBF F90ACBBE9BB66636 E48E513C772D483F
15CB433F46A11F3F 60E601BE233E0F3E 26B2613DBD4875BF 6F9592BE59EA6536
8A5A983C762D483F 15CB433F46A11F3F 704C0ABEC3DF3E3E 4D439E3D178F7FBF
925570BDFD38F535 E48E513CEE65473F 67BD443FC82D1A3F 714C0ABEC3DF3E3E
27B2613D188F7FBF 4B54703DB0559CB4 8A5A983CEE65473F 67BD443FC82D1A3F
DB0F9E3D4EFCE5BE F85D173E80C9C4B3 160407B60000803F 9497AA3E6B97633F
AE69B63EE2AB263F D54E98BD4EFCE5BE F65D173E5F5D66B4 3D151EB60000803F
7F84153F6B97633F 9E69EA3EE2AB263F 9B0F9E3D8D3DCABE FE5D173E814F0633
DEE5DFB50000803F 9697AA3EC8CD223F AE69B63EEAAB0C3F C54E98BD8B3DCABE
FF5D173E80C9C4B3 160407B60000803F 8284153FCBCD223F 9E69EA3EEAAB0C3F
DB0F9E3D4DFCE5BE E2669E3DE6693433 000080BF2208A3B4 F90C183F7436413F
AE69B63EE2AB263F D54E98BD4DFCE5BE E3669E3DD6693433 000080BF2508A3B4
EC582E3F7436413F 9E69EA3EE2AB263F DB0F9E3D4EFCE5BE F85D173EF7693433
000080BF1E08A3B4 F90C183F10D8363F AE69B63EE2AB263F D54E98BD4EFCE5BE
F65D173EE6693433 000080BF2208A3B4 EC582E3F11D8363F 9E69EA3EE2AB263F
D54E98BD4DFCE5BE E3669E3D000080BF BFFD8D35276D6B35 B046B93DF8A8293F
9E69EA3EE2AB263F D64E98BD8A3DCABE F0669E3D000080BF 366D34B3A03AE735
B846B93D97C91B3F 9E69EA3EEAAB0C3F D54E98BD4EFCE5BE F65D173E000080BF
74CF1036EF500633 DCCD243EF8A8293F 9E69EA3EE2AB263F C54E98BD8B3DCABE
FF5D173E000080BF BFFD8D35276D6B35 E4CD243E97C91B3F 9E69EA3EEAAB0C3F
D64E98BD8A3DCABE F0669E3D98D08734 0000803F11460A35 225F2E3FA496353F
9E69EA3EEAAB0C3F 9A0F9E3D8B3DCABE EE669E3D490D2634 0000803F1E084335
3413183FA496353F AE69B63EEAAB0C3F C54E98BD8B3DCABE FF5D173E8B9ABC34
0000803F0908A334 215F2E3F41382B3F 9E69EA3EEAAB0C3F 9B0F9E3D8D3DCABE
FE5D173E98D08734 0000803F11460A35 3413183F41382B3F AE69B63EEAAB0C3F
9A0F9E3D8B3DCABE EE669E3D0000803F 8D551437374B06B3 B846B93D96C91B3F
AE69B63EEAAB0C3F DB0F9E3D4DFCE5BE E2669E3D0000803F 8B551437434D06B3
B046B93DF8A8293F AE69B63EE2AB263F 9B0F9E3D8D3DCABE FE5D173E0000803F
905514372B4906B3 E4CD243E97C91B3F AE69B63EEAAB0C3F DB0F9E3D4EFCE5BE
F85D173E0000803F 8D551437374B06B3 E0CD243EF8A8293F AE69B63EE2AB263F
1B4D893DBDBBF2BE AFE8033E65798C35 0BCA04B40000803F DF2D7E3F8603513F
AE69B63EE2AB263F F6580B3DBABBF2BE B1E8033E749D9B35 E7BCFFB30000803F
DF2D7E3F64575C3F 9E69EA3EE2AB263F B64C893DA57AAD3E B6E8033EA8AA7A35
A5B509B40000803F 52B5173F9103513F AE69B63EEAAB0C3F AD580B3DA57AAD3E
B8E8033E65798C35 0BCA04B40000803F 52B5173F64575C3F 9E69EA3EEAAB0C3F
F6580B3DB5BBF2BE 325F9E3D000080BF 945E01B5FD791D36 98CBBA3E375C1F3F
9E69EA3EE2AB263F 6C580B3DA97AAD3E 3E5F9E3D000080BF E8BB28B55F6D9C36
4410F13E375C1F3F 9E69EA3EEAAB0C3F F6580B3DBABBF2BE B1E8033E000080BF
7E02B4B44E4F0633 98CBBA3EB8E6203F 9E69EA3EE2AB263F AD580B3DA57AAD3E
B8E8033E000080BF 945E01B5FD791D36 4410F13EB8E6203F 9E69EA3EEAAB0C3F
B64C893DA97AAD3E 3C5F9E3D0000803F 827677353D4D06B3 68799B3E24AE1B3F
AE69B63EEAAB0C3F 1B4D893DB6BBF2BE 315F9E3D0000803F 83767735664C06B3
68799B3EFA33653F AE69B63EE2AB263F B64C893DA57AAD3E B6E8033E0000803F
81767735144E06B3 9FC9A43E26AE1B3F AE69B63EEAAB0C3F 1B4D893DBDBBF2BE
AFE8033E0000803F 827677353D4D06B3 9FC9A43EFB33653F AE69B63EE2AB263F
8ABB0CBDBCBBF2BE AFE8033EB89F5035 D1B509B40000803F DF2D7E3F3A5D5C3F
AE69B63EE2AB263F 85BC83BDB9BBF2BE B0E8033E449F5035 E1B509B40000803F
DF2D7E3FC7A4663F 9E69EA3EE2AB263F 13BC0CBDA37AAD3E B6E8033E2BA05035
C1B509B40000803F 52B5173F405D5C3F AE69B63EEAAB0C3F 8ABC83BDA17AAD3E
B7E8033EB89F5035 D1B509B40000803F 52B5173FC2A4663F 9E69EA3EEAAB0C3F
85BC83BDB5BBF2BE 315F9E3D000080BF CE8F4AB4037A1D36 68799B3EFA33653F
9E69EA3EE2AB263F AABC83BDA57AAD3E 3D5F9E3D000080BF 9202B4B4626D9C36
65799B3E26AE1B3F 9E69EA3EEAAB0C3F 85BC83BDB9BBF2BE B0E8033E000080BF
DB6934B333500633 9FC9A43EFB33653F 9E69EA3EE2AB263F 8ABC83BDA17AAD3E
B7E8033E000080BF CE8F4AB4037A1D36 9FC9A43E26AE1B3F 9E69EA3EEAAB0C3F
14BC0CBDA77AAD3E 3C5F9E3D0000803F E1BB2835994E06B3 4610F13E375C1F3F
AE69B63EEAAB0C3F 8ABB0CBDB7BBF2BE 305F9E3D0000803F E1BB2835694E06B3
9ACBBA3E375C1F3F AE69B63EE2AB263F 13BC0CBDA37AAD3E B6E8033E0000803F
E1BB2835C94E06B3 4610F13EB8E6203F AE69B63EEAAB0C3F 8ABB0CBDBCBBF2BE
AFE8033E0000803F E1BB2835994E06B3 9ACBBA3EB8E6203F AE69B63EE2AB263F
DA0F9E3D81EBBEBE F35D173E87C9C4B3 367819B60000803F 9497AA3E6B97633F
AE69B63EE2AB263F D64E98BD81EBBEBE F05D173E5F5D66B4 5B8930B60000803F
7F84153F6B97633F 9E69EA3EE2AB263F 9A0F9E3DBF2CA3BE FA5D173E664F0633
106702B60000803F 9697AA3EC8CD223F AE69B63EEAAB0C3F C64E98BDBD2CA3BE
FA5D173E87C9C4B3 367819B60000803F 8284153FCBCD223F 9E69EA3EEAAB0C3F
DA0F9E3D7CEBBEBE DF669E3D45AE1634 000080BF3669EFB5 F90C183F7436413F
AE69B63EE2AB263F D64E98BD7DEBBEBE E2669E3DFA208034 000080BF3708D3B5
EC582E3F7436413F 9E69EA3EE2AB263F DA0F9E3D81EBBEBE F35D173E5D6A3433
000080BF1BE505B6 F90C183F12D8363F AE69B63EE2AB263F D64E98BD81EBBEBE
F05D173E45AE1634 000080BF3669EFB5 EC582E3F12D8363F 9E69EA3EE2AB263F
D64E98BD7DEBBEBE E2669E3D000080BF B8FD8D35506D6B35 C2197F3F066F4B3F
9E69EA3EE2AB263F D64E98BDBB2CA3BE F1669E3D000080BF 996D34B3B13AE735
16E0773F056F4B3F 9E69EA3EEAAB0C3F D64E98BD81EBBEBE F05D173E000080BF
6FCF103600540633 C4197F3F7C09423F 9E69EA3EE2AB263F C64E98BDBD2CA3BE
FA5D173E000080BF B8FD8D35506D6B35 16E0773F7C09423F 9E69EA3EEAAB0C3F
D64E98BDBB2CA3BE F1669E3DFBE57133 0000803F24A7B635 225F2E3FA496353F
9E69EA3EEAAB0C3F 9A0F9E3DBA2CA3BE EE669E3D0D2180B4 0000803F1BE50536
3413183FA496353F AE69B63EEAAB0C3F C64E98BDBD2CA3BE FA5D173E8B9ABC34
0000803F24084335 215F2E3F42382B3F 9E69EA3EEAAB0C3F 9A0F9E3DBF2CA3BE
FA5D173EFBE57133 0000803F24A7B635 3413183F42382B3F AE69B63EEAAB0C3F
9A0F9E3DBA2CA3BE EE669E3D0000803F 8A551437E53C06B3 15E0773F056F4B3F
AE69B63EEAAB0C3F DA0F9E3D7CEBBEBE DF669E3D0000803F 8A551437E53C06B3
C2197F3F066F4B3F AE69B63EE2AB263F 9A0F9E3DBF2CA3BE FA5D173E0000803F
8A551437E53C06B3 16E0773F7C09423F AE69B63EEAAB0C3F DA0F9E3D81EBBEBE
F35D173E0000803F 8A551437E53C06B3 C2197F3F7C09423F AE69B63EE2AB263F
D80F9E3D1EC0A0BC F45D173E47AF99B2 41151EB60000803F 9497AA3E6B97633F
AE69B63EE2AB263F D84E98BD32C0A0BC F45D173ECF500633 26DB14B60000803F
7F84153F6B97633F 9E69EA3EE2AB263F 980F9E3DFF950D3D FD5D173E0B0090B3
5C4F27B60000803F 9697AA3EC8CD223F AE69B63EEAAB0C3F C84E98BD09960D3D
FC5D173E47AF99B2 41151EB60000803F 8284153FCBCD223F 9E69EA3EEAAB0C3F
D80F9E3DFBBFA0BC E0669E3D1B784B34 000080BF9E158CB5 F90C183F7536413F
AE69B63EE2AB263F D84E98BD07C0A0BC E4669E3D31AE1634 000080BF21469AB5
EC582E3F7436413F 9E69EA3EE2AB263F D80F9E3D1EC0A0BC F45D173E03218034
000080BF33CA7BB5 F90C183F12D8363F AE69B63EE2AB263F D84E98BD32C0A0BC
F45D173E1B784B34 000080BF9E158CB5 EC582E3F12D8363F 9E69EA3EE2AB263F
D84E98BD07C0A0BC E4669E3D000080BF B8FD8D35406D6B35 8EFF4F3F066F4B3F
9E69EA3EE2AB263F D84E98BD1B960D3D F0669E3D000080BF 056D34B3A83AE735
E1C5483F066F4B3F 9E69EA3EEAAB0C3F D84E98BD32C0A0BC F45D173E000080BF
6DCF1036FB520633 90FF4F3F7D09423F 9E69EA3EE2AB263F C84E98BD09960D3D
FC5D173E000080BF B8FD8D35406D6B35 E2C5483F7C09423F 9E69EA3EEAAB0C3F
D84E98BD1B960D3D F0669E3DBF86E233 0000803F9C76A835 225F2E3FA596353F
9E69EA3EEAAB0C3F 980F9E3D1D960D3D EE669E3DBD6934B3 0000803F2308D335
3413183FA596353F AE69B63EEAAB0C3F C84E98BD09960D3D FC5D173E97D08734
0000803F29CA7B35 215F2E3F42382B3F 9E69EA3EEAAB0C3F 980F9E3DFF950D3D
FD5D173EBF86E233 0000803F9C76A835 3413183F42382B3F AE69B63EEAAB0C3F
980F9E3D1D960D3D EE669E3D0000803F 875514370E4406B3 E0C5483F066F4B3F
AE69B63EEAAB0C3F D80F9E3DFBBFA0BC E0669E3D0000803F 83551437204706B3
8EFF4F3F066F4B3F AE69B63EE2AB263F 980F9E3DFF950D3D FD5D173E0000803F
8B551437FC4006B3 E2C5483F7C09423F AE69B63EEAAB0C3F D80F9E3D1EC0A0BC
F45D173E0000803F 875514370E4406B3 8EFF4F3F7D09423F AE69B63EE2AB263F
D60F9E3D9109AD3E F85D173E83C9C4B3 243E10B60000803F 9497AA3E6B97633F
AE69B63EE2AB263F DA4E98BD9109AD3E F65D173E5F5D66B4 494F27B60000803F
7F84153F6B97633F 9E69EA3EE2AB263F 960F9E3D53C8C83E FF5D173E744F0633
FB59F2B50000803F 9697AA3EC8CD223F AE69B63EEAAB0C3F CA4E98BD55C8C83E
FF5D173E83C9C4B3 243E10B60000803F 8284153FCBCD223F 9E69EA3EEAAB0C3F
D60F9E3D9109AD3E E2669E3DDE693433 000080BF00000034 FC0C183F7536413F
AE69B63EE2AB263F DA4E98BD9109AD3E E4669E3DDE693433 000080BF00000034
EE582E3F7536413F 9E69EA3EE2AB263F D60F9E3D9109AD3E F85D173EDE693433
000080BF00000034 FC0C183F12D8363F AE69B63EE2AB263F DA4E98BD9109AD3E
F65D173EDE693433 000080BF00000034 EE582E3F12D8363F 9E69EA3EE2AB263F
DA4E98BD9109AD3E E4669E3D000080BF BAFD8D35206D6B35 F051203F086F4B3F
9E69EA3EE2AB263F DA4E98BD55C8C83E F1669E3D000080BF 266D34B3A13AE735
4218193F066F4B3F 9E69EA3EEAAB0C3F DA4E98BD9109AD3E F65D173E000080BF
6FCF1036E94F0633 F051203F7E09423F 9E69EA3EE2AB263F CA4E98BD55C8C83E
FF5D173E000080BF BAFD8D35206D6B35 4218193F7C09423F 9E69EA3EEAAB0C3F
DA4E98BD55C8C83E F1669E3D520D2634 0000803F1008A334 08442E3F3081263F
9E69EA3EEAAB0C3F 960F9E3D55C8C83E EF669E3DC86934B3 0000803F1D084335
1AF8173F3081263F AE69B63EEAAB0C3F CA4E98BD55C8C83E FF5D173E8A9ABC34
0000803F310000B4 06442E3FCE221C3F 9E69EA3EEAAB0C3F 960F9E3D53C8C83E
FF5D173E520D2634 0000803F1008A334 1AF8173FCE221C3F AE69B63EEAAB0C3F
960F9E3D55C8C83E EF669E3D0000803F 85551437434D06B3 4218193F066F4B3F
AE69B63EEAAB0C3F D60F9E3D9109AD3E E2669E3D0000803F 805514375A5106B3
F051203F086F4B3F AE69B63EE2AB263F 960F9E3D53C8C83E FF5D173E0000803F
8B5514372B4906B3 4318193F7C09423F AE69B63EEAAB0C3F D60F9E3D9109AD3E
F85D173E0000803F 85551437434D06B3 F051203F7E09423F AE69B63EE2AB263F
DA0F9E3D27EABEBE 7C6F9E3DCD85E133 4BF0F5B30000803F EC60AB3DAC34653F
AE69B63EE2AB263F D64E98BD24EABEBE 7E6F9E3DA5EAFB33 D5B5F0B30000803F
A27CD83CAB34653F 9E69EA3EE2AB263F 960F9E3D57C8C83E 886F9E3DF620C733
C52AFBB30000803F DC60AB3DF6361B3F AE69B63EEAAB0C3F CA4E98BD57C8C83E
8A6F9E3DCD85E133 4BF0F5B30000803F DE7CD83CF6361B3F 9E69EA3EEAAB0C3F
DA0F9E3D23EABEBE 04CB613D161713B5 000080BFCCE3AFB6 3C04F43EE8F6203F
AE69B63EE2AB263F D64E98BD20EABEBE 06CB613D131713B5 000080BFCAE3AFB6
5221153FE8F6203F 9E69EA3EE2AB263F DA0F9E3D27EABEBE 7C6F9E3D191713B5
000080BFD0E3AFB6 3C04F43E666C1F3F AE69B63EE2AB263F D64E98BD24EABEBE
7E6F9E3D161713B5 000080BFCCE3AFB6 5221153F666C1F3F 9E69EA3EE2AB263F
D64E98BD20EABEBE 06CB613D000080BF 09361A330BFD3536 68197F3F72654E3F
9E69EA3EE2AB263F DA4E98BD5BC8C83E 1DCB613D000080BF 816A34B368F0B436
4118193F73654E3F 9E69EA3EEAAB0C3F DA4E98BD5BC8C83E 1DCB613D646934B3
0000803FCAE3AF36 08442E3F12C6293F 9E69EA3EEAAB0C3F 960F9E3D5BC8C83E
1ACB613D766934B3 0000803FCBE3AF36 1AF8173F12C6293F AE69B63EEAAB0C3F
960F9E3D5BC8C83E 1ACB613D0000803F B69632359B4C06B3 4118193F73654E3F
AE69B63EEAAB0C3F DA0F9E3D23EABEBE 04CB613D0000803F B69632359B4C06B3
68197F3F72654E3F AE69B63EE2AB263F D64E98BD8A3DCABE F0669E3D0000803F
AB743832B8FB3AB5 3E99F03EEE681F3F 9E69EA3EEAAB0C3F D54E98BD4DFCE5BE
E3669E3D0000803F 19B52FB5466D34B3 98CBBA3E375C1F3F 9E69EA3EE2AB263F
9A0F9E3D8B3DCABE EE669E3D0000803F 47733832B4FB3AB5 4610F13E375C1F3F
AE69B63EEAAB0C3F DB0F9E3D4DFCE5BE E2669E3D0000803F 570255AC15502735
3C04F43EE8F6203F AE69B63EE2AB263F FE92C63E44C4A0BC 4B95893DEF4DAD3D
22C30BB6EF147F3F 9497AA3E6B97633F AE69B63EE2AB263F 18F09C3D3AC4A0BC
22B6BF3DF14DAD3D 034B06B6EF147F3F 7F84153F6B97633F 9E69EA3EE2AB263F
EE92C63EE3930D3D 6095893DED4DAD3D 423B11B6EF147F3F 9697AA3EC8CD223F
AE69B63EEAAB0C3F 18F09C3D01940D3D 31B6BF3DEF4DAD3D 22C30BB6EF147F3F
8284153FCBCD223F 9E69EA3EEAAB0C3F FE92C63E05C4A0BC B1E1613D43B8FEB4
000080BF8537D6B6 6AA3123F362B693F AE69B63EE2AB263F 18F09C3DFCC3A0BC
B8E1613D8BE266B3 000080BF10FF47B6 F467283F372B693F 9E69EA3EE2AB263F
FE92C63E44C4A0BC 4B95893D1A4A70B5 000080BFC13724B7 6AA3123FAA026A3F
AE69B63EE2AB263F 18F09C3D3AC4A0BC 22B6BF3D43B8FEB4 000080BF8537D6B6
F467283FEBDB6B3F 9E69EA3EE2AB263F 18F09C3D20940D3D D3E1613D3D7DBD34
0000803F0D0D1F37 4647C73E44316C3F 9E69EA3EEAAB0C3F EE92C63E17940D3D
D0E1613D9344DA33 0000803F2B0D8637 2AF7603E45316C3F AE69B63EEAAB0C3F
18F09C3D01940D3D 31B6BF3DAB342235 0000803F0DFF4736 4647C73E36D4663F
9E69EA3EEAAB0C3F EE92C63EE3930D3D 6095893D3D7DBD34 0000803F0D0D1F37
2AF7603EB9836A3F AE69B63EEAAB0C3F EE92C63E17940D3D D0E1613D0000803F
895514378BD305B3 4610F13E375C1F3F AE69B63EEAAB0C3F FE92C63E05C4A0BC
B1E1613D0000803F 825514377FF105B3 9ACBBA3E375C1F3F AE69B63EE2AB263F
EE92C63EE3930D3D 6095893D0000803F 9055143797B505B3 4610F13EB8E6203F
AE69B63EEAAB0C3F FE92C63E44C4A0BC 4B95893D0000803F 895514378BD305B3
9ACBBA3EB8E6203F AE69B63EE2AB263F 48EE97BDAEE4A0BC 24B6BF3D5C76ACBD
945C21B638177F3F 9497AA3E6B97633F AE69B63EE2AB263F 2E1BC6BEA6E4A0BC
4995893D5E76ACBD CACD25B638177F3F 7F84153F6B97633F 9E69EA3EE2AB263F
88EE97BDA3830D3D 30B6BF3D5A76ACBD 5EEB1CB638177F3F 9697AA3EC8CD223F
AE69B63EEAAB0C3F 2E1BC6BEB3830D3D 5C95893D5C76ACBD 945C21B638177F3F
8284153FCBCD223F 9E69EA3EEAAB0C3F 48EE97BD80E4A0BC B2E1613D46FF4033
000080BFABA99FB6 6093123F46AD6C3F AE69B63EE2AB263F 2E1BC6BE77E4A0BC
B2E1613DE3DE64B3 000080BFB453F5B6 5373283F46AD6C3F 9E69EA3EE2AB263F
48EE97BDAEE4A0BC 24B6BF3D5CB71934 000080BF44FF13B6 6093123F90FC693F
AE69B63EE2AB263F 2E1BC6BEA6E4A0BC 4995893D46FF4033 000080BFABA99FB6
5373283FD2D56B3F 9E69EA3EE2AB263F 2E1BC6BE77E4A0BC B2E1613D000080BF
DB6934B333500633 98CBBA3E375C1F3F 9E69EA3EE2AB263F 2E1BC6BEC3830D3D
CDE1613D000080BF DB6934B333500633 4410F13E375C1F3F 9E69EA3EEAAB0C3F
2E1BC6BEA6E4A0BC 4995893D000080BF DB6934B333500633 98CBBA3EB8E6203F
9E69EA3EE2AB263F 2E1BC6BEB3830D3D 5C95893D000080BF DB6934B333500633
4410F13EB8E6203F 9E69EA3EEAAB0C3F 2E1BC6BEC3830D3D CDE1613DFDBFE8B3
0000803F981B8336 1D500F3F60336C3F 9E69EA3EEAAB0C3F 88EE97BDC2830D3D
CBE1613D59D5C131 0000803F06FF4736 4067C73E60336C3F AE69B63EEAAB0C3F
2E1BC6BEB3830D3D 5C95893DA7CE6EB4 0000803FAC37A236 1D500F3FD5856A3F
9E69EA3EEAAB0C3F 88EE97BDA3830D3D 30B6BF3DFDBFE8B3 0000803F981B8336
4067C73E51D6663F AE69B63EEAAB0C3F D62B943E806249BE 4C95893DA3D0143E
A301F1B53F487D3F 9497AA3E6B97633F AE69B63EE2AB263F 392EE03D816249BE
24B6BF3D9FD0143E 3A2C05B63F487D3F 7F84153F6B97633F 9E69EA3EE2AB263F
C62B943EFEE411BE 6195893DA6D0143E D2AAD7B53F487D3F 9697AA3EC8CD223F
AE69B63EEAAB0C3F 392EE03DF8E411BE 32B6BF3DA3D0143E A301F1B53F487D3F
8284153FCBCD223F 9E69EA3EEAAB0C3F D62B943E786249BE B2E1613D980B38B5
000080BF8037D6B6 A5F16E3EC7FC1F3F AE69B63EE2AB263F 392EE03D796249BE
B8E1613D75693433 000080BF0DFF47B6 E3FF943EC7FC1F3F 9E69EA3EE2AB263F
D62B943E806249BE 4C95893DE4AEBDB5 000080BFBD3724B7 A5F16E3E09001F3F
AE69B63EE2AB263F 392EE03D816249BE 24B6BF3D980B38B5 000080BF8037D6B6
E3FF943EE0D41C3F 9E69EA3EE2AB263F 392EE03DF2E411BE D2E1613D9DB7E034
0000803F148D1837 50F2DA3DF5F86A3F 9E69EA3EEAAB0C3F C62B943EF1E411BE
D1E1613D486934B3 0000803F2B0D8637 00B8113CF5F86A3F AE69B63EEAAB0C3F
392EE03DF8E411BE 32B6BF3D31FE6B35 0000803F48FF1336 50F2DA3DE69B653F
9E69EA3EEAAB0C3F C62B943EFEE411BE 6195893D9DB7E034 0000803F148D1837
00B8113C6A4B693F AE69B63EEAAB0C3F C62B943EF1E411BE D1E1613D0000803F
8A5514378BD305B3 4610F13E375C1F3F AE69B63EEAAB0C3F D62B943E786249BE
B2E1613D0000803F 835514377FF105B3 9ACBBA3E375C1F3F AE69B63EE2AB263F
C62B943EFEE411BE 6195893D0000803F 9055143797B505B3 4610F13EB8E6203F
AE69B63EEAAB0C3F D62B943E806249BE 4C95893D0000803F 8A5514378BD305B3
9ACBBA3EB8E6203F AE69B63EE2AB263F 873EE2BD8E6649BE 25B6BF3D0F0812BE
4D4931B62A627D3F 9497AA3E6B97633F AE69B63EE2AB263F 167B96BE8F6649BE
4995893D0B0812BE 06B823B62A627D3F 7F84153F6B97633F 9E69EA3EE2AB263F
C73EE2BD0FE911BE 30B6BF3D130812BE 93DA3EB62A627D3F 9697AA3EC8CD223F
AE69B63EEAAB0C3F 167B96BE0DE911BE 5B95893D0F0812BE 4D4931B62A627D3F
8284153FCBCD223F 9E69EA3EEAAB0C3F 873EE2BD896649BE B2E1613D69551734
000080BFB02999B6 839D6E3EB6C81B3F AE69B63EE2AB263F 167B96BE896649BE
B1E1613DCD7A28B3 000080BFAF53F5B6 FE68953EB6C81B3F 9E69EA3EE2AB263F
873EE2BD8E6649BE 25B6BF3DC364AC34 000080BFC1FEF3B5 839D6E3E9EF01E3F
AE69B63EE2AB263F 167B96BE8F6649BE 4995893D69551734 000080BFB02999B6
FE68953E74C51C3F 9E69EA3EE2AB263F 167B96BE896649BE B1E1613D000080BF
DB6934B333500633 98CBBA3E375C1F3F 9E69EA3EE2AB263F 167B96BE09E911BE
CCE1613D000080BF DB6934B333500633 4410F13E375C1F3F 9E69EA3EEAAB0C3F
167B96BE8F6649BE 4995893D000080BF DB6934B333500633 98CBBA3EB8E6203F
9E69EA3EE2AB263F 167B96BE0DE911BE 5B95893D000080BF DB6934B333500633
4410F13EB8E6203F 9E69EA3EEAAB0C3F 167B96BE09E911BE CCE1613D86D67DB4
0000803F4D376C36 2398543E32D56A3F 9E69EA3EEAAB0C3F C73EE2BD09E911BE
CBE1613D347B2833 0000803F43FF1336 768CDC3D32D56A3F AE69B63EEAAB0C3F
167B96BE0DE911BE 5B95893DF77209B5 0000803FAC37A236 2398543EA627693F
9E69EA3EEAAB0C3F C73EE2BD0FE911BE 30B6BF3D86D67DB4 0000803F4D376C36
768CDC3D2278653F AE69B63EEAAB0C3F D62B943E52C0213E 4C95893DA4D0143E
5BB9EEB53F487D3F 9497AA3E6B97633F AE69B63EE2AB263F 372EE03D53C0213E
24B6BF3D9FD0143E 372C05B63F487D3F 7F84153F6B97633F 9E69EA3EE2AB263F
C62B943ED63D593E 6195893DA8D0143E 481AD3B53F487D3F 9697AA3EC8CD223F
AE69B63EEAAB0C3F 372EE03DDD3D593E 33B6BF3DA4D0143E 5BB9EEB53F487D3F
8284153FCBCD223F 9E69EA3EEAAB0C3F D62B943E5AC0213E B2E1613D8D8164B5
000080BF7E37D6B6 A5F16E3EC7FC1F3F AE69B63EE2AB263F 372EE03D5BC0213E
B8E1613D81BD04B4 000080BF0CFF47B6 E3FF943EC7FC1F3F 9E69EA3EE2AB263F
D62B943E52C0213E 4C95893DDDE9D3B5 000080BFBB3724B7 A5F16E3E09001F3F
AE69B63EE2AB263F 372EE03D53C0213E 24B6BF3D8D8164B5 000080BF7E37D6B6
E3FF943EE0D41C3F 9E69EA3EE2AB263F 372EE03DE33D593E D2E1613D4EB41135
0000803F98290E37 50F2DA3DF6F86A3F 9E69EA3EEAAB0C3F C62B943EE23D593E
D1E1613DADBD0434 0000803F5F537737 00B8113CF6F86A3F AE69B63EEAAB0C3F
372EE03DDD3D593E 33B6BF3D991C8135 0000803F46FF1336 50F2DA3DE79B653F
9E69EA3EEAAB0C3F C62B943ED63D593E 6195893D4EB41135 0000803F98290E37
00B8113C6A4B693F AE69B63EEAAB0C3F C62B943EE23D593E D1E1613D0000803F
8555143789D905B3 4610F13E375C1F3F AE69B63EEAAB0C3F D62B943E5AC0213E
B2E1613D0000803F 805514377FF105B3 9ACBBA3E375C1F3F AE69B63EE2AB263F
C62B943ED63D593E 6195893D0000803F 8C55143792C105B3 4610F13EB8E6203F
AE69B63EEAAB0C3F D62B943E52C0213E 4C95893D0000803F 8555143789D905B3
9ACBBA3EB8E6203F AE69B63EE2AB263F 893EE2BD47BC213E 26B6BF3D110812BE
494931B62A627D3F 9497AA3E6B97633F AE69B63EE2AB263F 167B96BE40BC213E
4A95893D0D0812BE 00B823B62A627D3F 7F84153F6B97633F 9E69EA3EE2AB263F
C93EE2BDC739593E 32B6BF3D150812BE 90DA3EB62A627D3F 9697AA3EC8CD223F
AE69B63EEAAB0C3F 167B96BEC439593E 5B95893D110812BE 494931B62A627D3F
8284153FCBCD223F 9E69EA3EEAAB0C3F 893EE2BD4BBC213E B2E1613DB9770035
000080BFA937BCB6 879D6E3EB6C81B3F AE69B63EE2AB263F 167B96BE48BC213E
B1E1613DE58C5B34 000080BFC93724B7 0069953EB6C81B3F 9E69EA3EE2AB263F
893EE2BD47BC213E 26B6BF3D390C4A35 000080BF00FFBFB5 879D6E3E9EF01E3F
AE69B63EE2AB263F 167B96BE40BC213E 4A95893DB9770035 000080BFA937BCB6
0069953E74C51C3F 9E69EA3EE2AB263F 167B96BE48BC213E B1E1613D000080BF
DB6934B333500633 98CBBA3E375C1F3F 9E69EA3EE2AB263F 167B96BEC839593E
CBE1613D000080BF DB6934B333500633 4410F13E375C1F3F 9E69EA3EEAAB0C3F
167B96BE40BC213E 4A95893D000080BF DB6934B333500633 98CBBA3EB8E6203F
9E69EA3EE2AB263F 167B96BEC439593E 5B95893D000080BF DB6934B333500633
4410F13EB8E6203F 9E69EA3EEAAB0C3F 167B96BEC839593E CBE1613D337D2CB5
0000803F49376C36 2798543E32D56A3F 9E69EA3EEAAB0C3F C93EE2BDCD39593E
CBE1613DBCFFC4B4 0000803F41FF1336 768CDC3D32D56A3F AE69B63EEAAB0C3F
167B96BEC439593E 5B95893D887A76B5 0000803FA937A236 2798543EA727693F
9E69EA3EEAAB0C3F C93EE2BDC739593E 32B6BF3D337D2CB5 0000803F49376C36
768CDC3D2378653F AE69B63EEAAB0C3F 7B8002BEFC84F3BE EB0B623D32500633
000000340000803F 6106423FAEF1BB3E 5E01B13D020F273F 2D1C7CBE6555DABE
EB0B623D438BF432 B9FAF9330000803F 05DE363F64B3B23E 0140943DC4AC253F
00F046B4251CFCBE EB0B623DE2981033 56CFEC330000803F A1FF4D3FC818BF3E
17DDCF3DD587273F 6280023E0085F3BE E90B623D412A2533 FF6DC6330000803F
E2F8593FB2F1BB3E D0B8EE3D020F273F 191C7C3E6C55DABE E70B623DCF7B0C33
677CF4330000803F 3E21653F68B3B23E 18BD053EC4AC253F 261CFC3E3793BA32
D70B623DB28C0133 DB4200340000803F DE427C3FB024453E A58B233EE4AD193F
C044B23ECD44B2BE E30B623D32500633 000000340000803F 0EB66E3F32FFA33E
C515123E4079233F 6355DA3E371C7CBE DF0B623D32500633 000000340000803F
2A10763F94D5903E 0B8F1B3EDD9A203F FC84F33E868002BE DB0B623D32500633
000000340000803F 52AF7A3FB809753E A283213EA6431D3F 0185F3BE628002BE
E30B623D32500633 000000340000803F F54F213FA809753E DD65393DA5431D3F
261CFCBED1CA3834 DF0B623D32500633 000000340000803F 6ABC1F3FA024453E
D545313DE3AD193F 6D55DABE181C7CBE E60B623D196FD432 AFF3F1330000803F
19EF253F8AD5903E 3638513DDC9A203F CD44B2BEBF44B2BE E90B623D0B194832
0CDBD5330000803F 34492D3F2AFFA33E 4A1D773D3F79233F 201C7CBE6955DA3E
CF0B623D7DB80A33 94C6F7330000803F 07DE363F008A133D 0440943D03AF0D3F
FE84F3BE7980023E DB0B623D32500633 000000340000803F F64F213FA03F153E
E065393D2118163F 6655DABE2C1C7C3E D70B623D32500633 000000340000803F
1BEF253F603CD13D 3C38513DEAC0123F C444B2BEC944B23E D30B623D32500633
000000340000803F 37492D3FF095843D 541D773D87E20F3F 7180023EFE84F33E
CB0B623D3EECCE32 006EC6330000803F E4F8593FC02F933C D4B8EE3DC54C0C3F
261C7C3E6855DA3E CB0B623D4826FC32 873BF1330000803F 4021653F208A133D
19BD053E03AF0D3F 00802933251CFC3E CB0B623D31500633 AC9ED9330000803F
A4FF4D3F807C413C 1BDDCF3DF2D30B3F 6B8002BEFF84F33E CD0B623D422A2533
036EC6330000803F 6406423FC02F933C 6201B13DC54C0C3F C744B23EC644B23E
CD0B623D406FC332 5427E8330000803F 12B66E3FF095843D C615123E87E20F3F
6855DA3E261C7C3E CF0B623DABFFDD32 1645F9330000803F 2C10763F703CD13D
0C8F1B3EEBC0123F FF84F33E7180023E D30B623D9C6C9532 A213FC330000803F
52AF7A3FAC3F153E A383213E2218163F 00600B33251CFC3E AECB3D3DA56435B3
DF6659B4000080BF 86159C3E00AB4C3B 1BDDCF3DF2D30B3F 6A8002BEFF84F33E
B0CB3D3D9C84CEB2 16A220B4000080BF E93F693E4067593C 6301B13DC54C0C3F
7280023EFE84F33E AECB3D3D5F0935B3 D77730B4000080BF 138BC33EC067593C
D4B8EE3DC54C0C3F 271C7C3E6855DA3E AECB3D3DD65234B3 0BC51BB4000080BF
3C50E83E5032303D 1ABD053E03AF0D3F C644B23EC644B23E B0CB3D3DAFBC72B2
22D2F6B3000080BF BEF1033F3803B93D C615123E87E20F3F FC84F33E868002BE
BECB3D3D8D2C9CB2 EE8B03B4000080BF 85AC173F5E84C13E A283213EA6431D3F
6855DA3E261C7C3E B3CB3D3D3800BB33 396748B3000080BF FF0E103F20A81B3E
0C8F1B3EEBC0123F FF84F33E7180023E B6CB3D3D0543D032 3611CCB3000080BF
86AC173F7032653E A383213E2218163F 261CFC3E68ECA032 BACB3D3D732ED032
020000B4000080BF 78451A3FC60E9A3E A58B233EE4AD193F 6655DABE2C1C7C3E
BACB3D3D19D56132 959824B4000080BF 3E68403D10A81B3E 3C38513DEAC0123F
FE84F3BE7980023E BFCB3D3D41AF94B1 DF0A09B4000080BF 751F8D3C5C32653E
E065393D2118163F C544B2BEC944B23E B6CB3D3D958E3932 917234B4000080BF
251EC13D2003B93D 541D773D87E20F3F 1F1C7CBE6955DA3E B2CB3D3DF1450333
214F63B4000080BF 98B51F3E4032303D 0440943D03AF0D3F CD44B2BEBF44B2BE
CCCB3D3D7A548BB2 551BE4B3000080BF 001EC13D5CEE023F 4A1D773D3F79233F
261CFCBEF8953534 C2CB3D3D404B5F33 4727F8B3000080BF 4104E83BBE0E9A3E
D545313DE3AD193F 0185F3BE628002BE C6CB3D3DCFDFD232 3081CEB3000080BF
441F8D3C4C84C13E DD65393DA5431D3F 6D55DABE181C7CBE C9CB3D3D0B768333
076A76B3000080BF 0A68403D7449E63E 3638513DDC9A203F 00804EB4251CFCBE
CECB3D3D36B325B3 C93377B4000080BF 7A159C3E1942193F 17DDCF3DD587273F
6380023E0085F3BE CCCB3D3D32DE12B3 81B21DB4000080BF 098BC33E27A9163F
D0B8EE3D020F273F 7A8002BEFC84F3BE CFCB3D3DDDE2D4B2 0E9921B4000080BF
D43F693E25A9163F 5E01B13D020F273F 2C1C7CBE6555DABE CECB3D3D51214131
509DA0B3000080BF 87B51F3E9E0B0F3F 0140943DC4AC253F 1A1C7C3E6C55DABE
CACB3D3D325006B3 000000B4000080BF 3250E83EA10B0F3F 18BD053EC4AC253F
C044B23ECD44B2BE C6CB3D3DC6FB82B2 FEEE09B4000080BF BAF1033F62EE023F
C515123E4079233F 6355DA3E371C7CBE C2CB3D3D754D9032 F7CC1DB4000080BF
FC0E103F8449E63E 0B8F1B3EDD9A203F 40328D3D4D6C54BD 4F439E3D986A83B4
32982BB50000803F 104E1C3E2E92383F 2F322D3F48600C3F 214CD73DB663A8BD
4D439E3D9ECF0133 AB8497B40000803F CA58023E32043E3F 2D05293F20EF0F3F
2231C93C0E4112BD 4F439E3D66DB70B3 F7AEB2B30000803F B5253C3E71AC353F
8351323FA27B0A3F 9EBCB9BC0E4112BD 4F439E3D293F0CB2 D6F9F5340000803F
83085E3E71AC353F 01C5373FA27B0A3F 285589BD0F6C54BD 50439E3D10C40AB3
912B08B30000803F 2DE07D3E2E92383F 55E43C3F48600C3F 224CD73D679D83BE
48439E3D19467734 E547A0B40000803F C458023E00605D3F 2D05293F716C243F
265589BDD02893BE 48439E3D21CEED32 6901A9B40000803F 27E07D3E05D2623F
55E43C3F48FB273F 42328D3DCF2893BE 47439E3DD6FDA434 81972BB50000803F
0C4E1C3E04D2623F 2E322D3F48FB273F E830C93C346E9BBE 48439E3DC9099333
2B9620B50000803F B1253C3EC2B7653F 8351323FEEDF293F 98BCB9BC366E9BBE
47439E3DA1CB07B4 BA0587B50000803F 7F085E3EC2B7653F FFC4373FEEDF293F
ECD4033E6E29FCBD 4C439E3D110242B3 31B8B3B40000803F C0CEE23D595A453F
6F4B263F4CBA143F F93A0C3E55B62DBE 4A439E3D683F8434 102194B40000803F
060AD73D19B24D3F 1B59253FC82D1A3F EDD4033EED575DBE 48439E3D47630335
9E5C97B40000803F BDCEE23DDA09563F 6F4B263F45A11F3F FE6ED3BD6A9D83BE
4A439E3DF0674734 8B408BB30000803F B8EA8B3E02605D3F 5511413F726C243F
57E601BEFB575DBE 4A439E3DD44145B4 4B095BB40000803F 6A63943EDC09563F
15CB433F46A11F3F 0F6FD3BDB063A8BD 4E439E3DC621D5B4 8D0415340000803F
B8EA8B3E32043E3F 5511413F20EF0F3F 60E601BE6829FCBD 4E439E3D9F11EAB4
CF4E09B40000803F 6E63943E595A453F 15CB433F4CBA143F 6F4C0ABE57B62DBE
4B439E3D53F784B5 583C8CB40000803F 9E54973E1AB24D3F 67BD443FC82D1A3F
3E328D3D81BD9B3E 51439E3DAF9698B4 F0AD48B50000803F 104E1C3E2E92383F
2F322D3F48600C3F 1F4CD73D1D328C3E 4F439E3D7B3C3332 142D9FB40000803F
CA58023E32043E3F 2D05293F20EF0F3F 1A31C93CE902A43E 51439E3D561D69B3
37265BB40000803F B5253C3E71AC353F 8351323FA27B0A3F A6BCB9BCE902A43E
51439E3D31500633 9BCE7B340000803F 83085E3E71AC353F 01C5373FA27B0A3F
2A5589BD8DBD9B3E 52439E3D56B40DB3 91B076B30000803F 2DE07D3E2E92383F
55E43C3F48600C3F 204CD73D90B6CA3D 4A439E3D4CBE9A34 15F0BBB40000803F
C458023E00605D3F 2D05293F716C243F 205589BDF7888C3D 4B439E3D1B04BA32
E1AEBEB40000803F 27E07D3E05D2623F 55E43C3F48FB273F 48328D3DEF888C3D
49439E3D1592F434 CA025BB50000803F 0C4E1C3E04D2623F 2E322D3F48FB273F
0031C93CC0E6563D 4A439E3D93CEF333 40A54BB50000803F B1253C3EC2B7653F
8351323FEEDF293F 80BCB9BCB0E6563D 49439E3D872332B4 D783B4B50000803F
7F085E3EC2B7653F FFC4373FEEDF293F EBD4033E5F816E3E 4E439E3D3DD77CB3
A8849FB40000803F C0CEE23D595A453F 6F4B263F4CBA143F F83A0C3EC7DF3E3E
4C439E3D4C959034 8307A2B40000803F 060AD73D19B24D3F 1B59253FC82D1A3F
ECD4033E2B3E0F3E 4A439E3D22FF3835 8343D5B40000803F BDCEE23DDA09563F
6F4B263F45A11F3F 006FD3BD8EB6CA3D 4C439E3D90C42B34 F1C012B30000803F
B8EA8B3E02605D3F 5511413F726C243F 58E601BE233E0F3E 4C439E3D328B67B4
514E59B40000803F 6A63943EDC09563F 15CB433F46A11F3F 116FD3BD23328C3E
50439E3D13ECFCB4 A4DB73340000803F B8EA8B3E32043E3F 5511413F20EF0F3F
61E601BE6B816E3E 50439E3D67E700B5 B30DF0B30000803F 6E63943E595A453F
15CB433F4CBA143F 704C0ABEC3DF3E3E 4D439E3DC33494B5 2AFC96B40000803F
9E54973E1AB24D3F 67BD443FC82D1A3F F08FF938DC892DBE 2B80453E2326E1B2
F783BFB30000803F 047A663F023D333F 0FE7803E7AD51A3F 0490F9388A9D3F3E
2D80453E0FBB96B2 CB5FA6B30000803F 047A663F023D333F 0FE7803E16D81A3F</d:blob>
				</cHcVertexBufferDx>
				<cHcVertexBufferDx d:id="288050752">
					<NumVertices d:type="sUInt32">8</NumVertices>
					<VertexType>
						<cHcVertexTypeFVF d:id="288036864">
							<FVF d:type="sUInt32">266</FVF>
						</cHcVertexTypeFVF>
					</VertexType>
					<Owner d:type="ref">287636264</Owner>
					<d:blob d:size="256">1C0BF63DA474F6BD 000030B30000803F 0000000000000000 0AC5283C8CCA7D3F
1B0BF6BDA574F6BD 000080310000803F 0000000000000000 80B87D3F90CA7D3F
1B0BF63D8B74F63D 000000310000803F 0000000000000000 0AC6283C005D0D3C
1D0BF6BD8A74F63D 000030330000803F 0000000000000000 84B87D3F00610D3C
1D0BF63DA074F6BD 000038B30000803F 0000000000000000 0AC5283C8CCA7D3F
1C0BF6BDA074F6BD 0000C0310000803F 0000000000000000 80B87D3F90CA7D3F
1C0BF63D8E74F63D 000080310000803F 0000000000000000 0AC6283C005D0D3C
1C0BF6BD8E74F63D 000030330000803F 0000000000000000 84B87D3F00610D3C</d:blob>
				</cHcVertexBufferDx>
			</VertexBuffer>
			<IndexBuffer>
				<cHcIndexBufferDx d:id="281937328">
					<NumIndices d:type="sUInt32">1150</NumIndices>
					<BytesPerIndex d:type="sUInt8">2</BytesPerIndex>
					<Owner d:type="ref">287636264</Owner>
					<d:blob d:size="2300">0000000001000200 0300040005000600 0700080009000A00 0B000C000D000E00
0F00100011001200 1300140015001600 1700180019001A00 1B001C001D001E00
1F00000001000100 0100010001000100 2000030021000500 2200070023000900
24000B0025000D00 26000F0027001100 2800130029001500 2A0017002B001900
2C001B002D001D00 2E001F002F000100 2000200020003000 3000300031003200
3300340035003600 3700380039003A00 3B003C003D003E00 3F00400041004200
4300440045004600 4700480049004A00 4B004C004D004E00 4F00300031003100
3100310031003100 5000330051003500 5200370053003900 54003B0055003D00
56003F0057004100 5800430059004500 5A0047005B004900 5C004B005D004D00
5E004F005F003100 5000500050006000 6000600061006200 6300640065006600
6700680069006A00 6B006C006D006E00 6F00700071007200 7300740075007600
7700780079007A00 7B007C007D007E00 7F00600061006100 6100800080008000
8100820083008400 8500860087008800 89008A008B008C00 8D008E008F009000
9100920093009400 9500960097009800 99009A009B009C00 9D009E009F008000
810081008100A000 A000A000A100A200 A300A400A500A600 A700A800A900AA00
AB00AC00AD00AE00 AF00B000B100B200 B300B400B500B600 B700B800B900BA00
BB00BC00BD00BD00 BD00BE00BE00BE00 BF00C000C100C200 C300C400C500C600
C700C800C900CA00 CB00CC00CD00CE00 CF00D000D100D200 D300D400D500D600
D700D800D900DA00 DB00DB00DB00DC00 DC00DC00DD00DE00 DF00E000E100E200
E300E400E500E600 E700E800E900EA00 EB00EC00ED00EE00 EF00F000F100F200
F300F400F500F600 F700F800F900F900 F900FA00FA00FA00 FB00FC00FD00FE00
FF00000101010201 0301040105010601 0701080109010A01 0B010C010D010E01
0F01100111011201 1301140115011601 1701170117011801 1801180119011A01
1B011C011D011E01 1F01200121012201 2301240125012601 2701280129012A01
2B012C012D012E01 2F01300131013201 3301340135013501 3501360136013601
3701380139013A01 3B013C013D013E01 3F01400141014201 4301440145014601
4701480149014A01 4B014C014D014E01 4F01500151015201 5301530153015401
5401550156015701 580159015A015B01 5C015D015E015F01 6001610162016301
6401650166016701 680169016A016B01 6C016D016D016E01 6E016F0170017101
7201730174017501 7601770178017901 7A017B017C017D01 7E017F0180018101
8201830184018501 8601870187018801 880189018A018B01 8C018D018E018F01
9001910192019301 9401950196019701 980199019A019B01 9B019C019C019D01
9E019F01A001A101 A201A301A401A501 A601A701A801A901 AA01AB01AC01AD01
AE01AF01AF01B001 B001B101B201B301 B401B501B601B701 B801B901BA01BB01
BC01BD01BE01BF01 C001C101C201C301 C301C401C401C501 C601C701C801C901
CA01CB01CC01CD01 CE01CF01D001D101 D201D301D401D501 D601D701D701D801
D801D901DA01DB01 DB01DC01DC01DD01 DE01DF01DF01E001 E001E101E201E301
E301E401E401E501 E601E701E701E801 E801E901EA01EB01 EB01EC01EC01ED01
EE01EF01EF01F001 F001F101F201F301 F301F401F401F501 F601F701F701F801
F801F901FA01FB01 FB01FC01FC01FD01 FE01FF01FF010002 0002010202020302
0302040204020502 0602070207020802 080209020A020B02 0B020C020C020D02
0E020F020F021002 1002110212021302 1302140214021502 1602170217021802
180219021A021B02 1B021C021C021D02 1E021F021F022002 2002210222022302
2302240224022502 2602270227022802 280229022A022B02 2B022C022C022D02
2E022F022F023002 3002310232023302 3302340234023502 3602370237023802
380239023A023B02 3B023C023C023D02 3E023F023F024002 4002410242024302
4302440244024502 4602470247024802 480249020C023502 35024A024A024B02
3802390239024C02 4C024D023C021502 15024E024E024F02 5002510251025202
5202530254025502 5502560256025702 5802590259025A02 5A025B025C025D02
5D025E025E025F02 6002610261026202 6202630264026502 6502660266026702
6802690269026A02 6A026B026C026D02 6D026E026E026F02 7002710271027202
7202730274027502 7502760276027702 7802790279027A02 7A027B027C027D02
7D027E027E027F02 8002810281028202 8202830284028502 8502860286028702
8802890289028A02 8A028B028C028D02 8D028E028E028F02 9002910291029202
9202930294029502 9502960296029702 9802990299029A02 9A029B029C029D02
9D029E029E029F02 A002A102A102A202 A202A302A402A502 A502A602A602A702
A802A902A902AA02 AA02AB02AC02AD02 AD02AE02AE02AF02 B002B102B102B202
B202B302B402B302 B502B302B602B702 B802B702B902BA02 BA02BB02BB02BC02
BD02BC02BE02BC02 B302BC02B702BC02 BF02C002BF02C102 C202C202C202C302
C302C402C502C402 C602C402BF02C402 B702C702B702C802 C902C902C902CA02
CA02CB02CC02CB02 CD02CB02CE02CF02 D002CF02D102D202 D202D302D302D402
D502D402D602D402 CB02D402CF02D402 D702D802D702D902 DA02DA02DA02DB02
DB02DC02DD02DC02 DE02DC02D702DC02 CF02DF02CF02E002 E102E102E102E202
E202E302E402E302 E502E302E602E702 E802E902E802EA02 EB02EB02EB02E302
E302EC02E702ED02 EE02EE02EE02E802 E802EF02E602F002 F102F002F202F302
F302F402F402F502 F602F502F702F502 F802F902FA02FB02 FA02FC02FD02FD02
FD02F502F502FE02 F902FF0200030003 0003FA02FA020103 F802020303030203
0403050305032100 2100060320000603 2F0006032E000603 2D0006032C000603
2B0006032A000603 2900060328000603 2700060326000603 2500060324000603
2300060322002100 2100510051000703 500007035F000703 5E0007035D000703
5C0007035B000703 5A00070359000703 5800070357000703 5600070355000703
5400070353000703 5200510000000100 0200030000000100 02000300</d:blob>
				</cHcIndexBufferDx>
			</IndexBuffer>
		</cHcGeometryVertexDataDx>
	</VertexData>
	<NamedObject/>
	<OcclusionRegionMin/>
	<OcclusionRegionMax/>
</cHcGeometry>
