<?xml version="1.0" encoding="utf-8"?>
<cBlueprintLoader xmlns:d="http://www.kuju.com/TnT/2003/Delta" d:version="1.0">
	<Blueprint>
		<cLevelCrossingBlueprint>
			<Name d:type="cDeltaString">SE LC A Single Long</Name>
			<BrowseInformation>
				<iBrowseableBlueprint-cBrowseInformation>
					<DisplayName>
						<Localisation-cUserLocalisedString>
							<English d:type="cDeltaString">SE LC A Single Long</English>
							<French d:type="cDeltaString"></French>
							<Italian d:type="cDeltaString"></Italian>
							<German d:type="cDeltaString"></German>
							<Spanish d:type="cDeltaString"></Spanish>
							<Dutch d:type="cDeltaString"></Dutch>
							<Polish d:type="cDeltaString"></Polish>
							<Russian d:type="cDeltaString"></Russian>
							<Other/>
							<Key d:type="cDeltaString"></Key>
						</Localisation-cUserLocalisedString>
					</DisplayName>
					<Description>
						<Localisation-cUserLocalisedString>
							<English d:type="cDeltaString"></English>
							<French d:type="cDeltaString"></French>
							<Italian d:type="cDeltaString"></Italian>
							<German d:type="cDeltaString"></German>
							<Spanish d:type="cDeltaString"></Spanish>
							<Dutch d:type="cDeltaString"></Dutch>
							<Polish d:type="cDeltaString"></Polish>
							<Russian d:type="cDeltaString"></Russian>
							<Other/>
							<Key d:type="cDeltaString"></Key>
						</Localisation-cUserLocalisedString>
					</Description>
					<Category d:type="cDeltaString">eTrackInfrastructure</Category>
					<ValidInScenarios d:type="cDeltaString">eFalse</ValidInScenarios>
				</iBrowseableBlueprint-cBrowseInformation>
			</BrowseInformation>
			<PosOriComponentBP>
				<cPosOriBlueprint/>
			</PosOriComponentBP>
			<SceneryComponentBP>
				<cEditorSceneryRenderBlueprint>
					<PrimaryNamedTextureSet>
						<iBlueprintLibrary-cAbsoluteBlueprintID>
							<BlueprintSetID>
								<iBlueprintLibrary-cBlueprintSetID>
									<Provider d:type="cDeltaString"></Provider>
									<Product d:type="cDeltaString"></Product>
								</iBlueprintLibrary-cBlueprintSetID>
							</BlueprintSetID>
							<BlueprintID d:type="cDeltaString"></BlueprintID>
						</iBlueprintLibrary-cAbsoluteBlueprintID>
					</PrimaryNamedTextureSet>
					<SecondaryNamedTextureSet>
						<iBlueprintLibrary-cAbsoluteBlueprintID>
							<BlueprintSetID>
								<iBlueprintLibrary-cBlueprintSetID>
									<Provider d:type="cDeltaString"></Provider>
									<Product d:type="cDeltaString"></Product>
								</iBlueprintLibrary-cBlueprintSetID>
							</BlueprintSetID>
							<BlueprintID d:type="cDeltaString"></BlueprintID>
						</iBlueprintLibrary-cAbsoluteBlueprintID>
					</SecondaryNamedTextureSet>
					<GeometryID d:type="cDeltaString">SummerADDE\SECrossingsTest\RailNetwork\LevelCrossings\shapes\[00]lc_editor</GeometryID>
					<CollisionGeometryID d:type="cDeltaString"></CollisionGeometryID>
					<Pickable d:type="cDeltaString">eTrue</Pickable>
					<ShadowType d:type="cDeltaString">eShadowType_None</ShadowType>
					<ViewType d:type="cDeltaString">ExternalView</ViewType>
					<HeatHaze/>
					<TexText/>
					<ProjectedLightElement/>
					<Instancable d:type="bool">1</Instancable>
					<DetailLevelGenerationRange>
						<cSceneryRenderBlueprint-sDetailLevelGenerationRange>
							<HighestLevel_1isHighest d:type="sInt32">10</HighestLevel_1isHighest>
							<LowestLevel_10isLowest d:type="sInt32">10</LowestLevel_10isLowest>
						</cSceneryRenderBlueprint-sDetailLevelGenerationRange>
					</DetailLevelGenerationRange>
				</cEditorSceneryRenderBlueprint>
			</SceneryComponentBP>
			<LevelCrossingComponentBP>
				<cLevelCrossingComponentBlueprint/>
			</LevelCrossingComponentBP>
			<ContainerComponentBP>
				<cEntityContainerBlueprint>
					<Children>
						<cEntityContainerBlueprint-sChild d:id="57853016">
							<ChildName d:type="cDeltaString">Barrier1</ChildName>
							<BlueprintID>
								<iBlueprintLibrary-cAbsoluteBlueprintID>
									<BlueprintSetID>
										<iBlueprintLibrary-cBlueprintSetID>
											<Provider d:type="cDeltaString">SummerADDE</Provider>
											<Product d:type="cDeltaString">SECrossingsTest</Product>
										</iBlueprintLibrary-cBlueprintSetID>
									</BlueprintSetID>
									<BlueprintID d:type="cDeltaString">RailNetwork\LevelCrossings\signalheads\SE RightL01.xml</BlueprintID>
								</iBlueprintLibrary-cAbsoluteBlueprintID>
							</BlueprintID>
							<Matrix>
								<cHcRMatrix4x4>
									<Element>
										<e d:type="sFloat32" d:alt_encoding="0000000000000000" d:precision="string">0</e>
										<e d:type="sFloat32" d:alt_encoding="0000000000000000" d:precision="string">0</e>
										<e d:type="sFloat32" d:alt_encoding="000000000000F03F" d:precision="string">1</e>
										<e d:type="sFloat32" d:alt_encoding="0000000000000000" d:precision="string">0</e>
										<e d:type="sFloat32" d:alt_encoding="0000000000000000" d:precision="string">0</e>
										<e d:type="sFloat32" d:alt_encoding="000000000000F03F" d:precision="string">1</e>
										<e d:type="sFloat32" d:alt_encoding="0000000000000000" d:precision="string">0</e>
										<e d:type="sFloat32" d:alt_encoding="0000000000000000" d:precision="string">0</e>
										<e d:type="sFloat32" d:alt_encoding="000000000000F0BF" d:precision="string">-1</e>
										<e d:type="sFloat32" d:alt_encoding="0000000000000000" d:precision="string">0</e>
										<e d:type="sFloat32" d:alt_encoding="0000000000000000" d:precision="string">0</e>
										<e d:type="sFloat32" d:alt_encoding="0000000000000000" d:precision="string">0</e>
										<e d:type="sFloat32" d:alt_encoding="00000040E17A0FC0" d:precision="string">-3.935</e>
										<e d:type="sFloat32" d:alt_encoding="0000000000000000" d:precision="string">0</e>
										<e d:type="sFloat32" d:alt_encoding="00000000000022C0" d:precision="string">-9</e>
										<e d:type="sFloat32" d:alt_encoding="000000000000F03F" d:precision="string">1</e>
									</Element>
								</cHcRMatrix4x4>
							</Matrix>
						</cEntityContainerBlueprint-sChild>
						<cEntityContainerBlueprint-sChild d:id="57455112">
							<ChildName d:type="cDeltaString">Barrier2</ChildName>
							<BlueprintID>
								<iBlueprintLibrary-cAbsoluteBlueprintID>
									<BlueprintSetID>
										<iBlueprintLibrary-cBlueprintSetID>
											<Provider d:type="cDeltaString">SummerADDE</Provider>
											<Product d:type="cDeltaString">SECrossingsTest</Product>
										</iBlueprintLibrary-cBlueprintSetID>
									</BlueprintSetID>
									<BlueprintID d:type="cDeltaString">RailNetwork\LevelCrossings\signalheads\SE RightL02.xml</BlueprintID>
								</iBlueprintLibrary-cAbsoluteBlueprintID>
							</BlueprintID>
							<Matrix>
								<cHcRMatrix4x4>
									<Element>
										<e d:type="sFloat32" d:alt_encoding="0000000000000000" d:precision="string">0</e>
										<e d:type="sFloat32" d:alt_encoding="0000000000000000" d:precision="string">0</e>
										<e d:type="sFloat32" d:alt_encoding="000000000000F0BF" d:precision="string">-1</e>
										<e d:type="sFloat32" d:alt_encoding="0000000000000000" d:precision="string">0</e>
										<e d:type="sFloat32" d:alt_encoding="0000000000000000" d:precision="string">0</e>
										<e d:type="sFloat32" d:alt_encoding="000000000000F03F" d:precision="string">1</e>
										<e d:type="sFloat32" d:alt_encoding="0000000000000000" d:precision="string">0</e>
										<e d:type="sFloat32" d:alt_encoding="0000000000000000" d:precision="string">0</e>
										<e d:type="sFloat32" d:alt_encoding="000000000000F03F" d:precision="string">1</e>
										<e d:type="sFloat32" d:alt_encoding="0000000000000000" d:precision="string">0</e>
										<e d:type="sFloat32" d:alt_encoding="0000000000000000" d:precision="string">0</e>
										<e d:type="sFloat32" d:alt_encoding="0000000000000000" d:precision="string">0</e>
										<e d:type="sFloat32" d:alt_encoding="00000040E17A0F40" d:precision="string">3.935</e>
										<e d:type="sFloat32" d:alt_encoding="0000000000000000" d:precision="string">0</e>
										<e d:type="sFloat32" d:alt_encoding="0000000000002240" d:precision="string">9</e>
										<e d:type="sFloat32" d:alt_encoding="000000000000F03F" d:precision="string">1</e>
									</Element>
								</cHcRMatrix4x4>
							</Matrix>
						</cEntityContainerBlueprint-sChild>
						<cEntityContainerBlueprint-sChild d:id="57853016">
							<ChildName d:type="cDeltaString">Barrier3</ChildName>
							<BlueprintID>
								<iBlueprintLibrary-cAbsoluteBlueprintID>
									<BlueprintSetID>
										<iBlueprintLibrary-cBlueprintSetID>
											<Provider d:type="cDeltaString">SummerADDE</Provider>
											<Product d:type="cDeltaString">SECrossingsTest</Product>
										</iBlueprintLibrary-cBlueprintSetID>
									</BlueprintSetID>
									<BlueprintID d:type="cDeltaString">RailNetwork\LevelCrossings\signalheads\SE LeftL01.xml</BlueprintID>
								</iBlueprintLibrary-cAbsoluteBlueprintID>
							</BlueprintID>
							<Matrix>
								<cHcRMatrix4x4>
									<Element>
										<e d:type="sFloat32" d:alt_encoding="0000000000000000" d:precision="string">0</e>
										<e d:type="sFloat32" d:alt_encoding="0000000000000000" d:precision="string">0</e>
										<e d:type="sFloat32" d:alt_encoding="000000000000F0BF" d:precision="string">-1</e>
										<e d:type="sFloat32" d:alt_encoding="0000000000000000" d:precision="string">0</e>
										<e d:type="sFloat32" d:alt_encoding="0000000000000000" d:precision="string">0</e>
										<e d:type="sFloat32" d:alt_encoding="000000000000F03F" d:precision="string">1</e>
										<e d:type="sFloat32" d:alt_encoding="0000000000000000" d:precision="string">0</e>
										<e d:type="sFloat32" d:alt_encoding="0000000000000000" d:precision="string">0</e>
										<e d:type="sFloat32" d:alt_encoding="000000000000F03F" d:precision="string">1</e>
										<e d:type="sFloat32" d:alt_encoding="0000000000000000" d:precision="string">0</e>
										<e d:type="sFloat32" d:alt_encoding="0000000000000000" d:precision="string">0</e>
										<e d:type="sFloat32" d:alt_encoding="0000000000000000" d:precision="string">0</e>
										<e d:type="sFloat32" d:alt_encoding="00000040E17A0FC0" d:precision="string">-3.935</e>
										<e d:type="sFloat32" d:alt_encoding="0000000000000000" d:precision="string">0</e>
										<e d:type="sFloat32" d:alt_encoding="0000000000002240" d:precision="string">9</e>
										<e d:type="sFloat32" d:alt_encoding="000000000000F03F" d:precision="string">1</e>
									</Element>
								</cHcRMatrix4x4>
							</Matrix>
						</cEntityContainerBlueprint-sChild>
						<cEntityContainerBlueprint-sChild d:id="57455112">
							<ChildName d:type="cDeltaString">Barrier4</ChildName>
							<BlueprintID>
								<iBlueprintLibrary-cAbsoluteBlueprintID>
									<BlueprintSetID>
										<iBlueprintLibrary-cBlueprintSetID>
											<Provider d:type="cDeltaString">SummerADDE</Provider>
											<Product d:type="cDeltaString">SECrossingsTest</Product>
										</iBlueprintLibrary-cBlueprintSetID>
									</BlueprintSetID>
									<BlueprintID d:type="cDeltaString">RailNetwork\LevelCrossings\signalheads\SE LeftL02.xml</BlueprintID>
								</iBlueprintLibrary-cAbsoluteBlueprintID>
							</BlueprintID>
							<Matrix>
								<cHcRMatrix4x4>
									<Element>
										<e d:type="sFloat32" d:alt_encoding="0000000000000000" d:precision="string">0</e>
										<e d:type="sFloat32" d:alt_encoding="0000000000000000" d:precision="string">0</e>
										<e d:type="sFloat32" d:alt_encoding="000000000000F03F" d:precision="string">1</e>
										<e d:type="sFloat32" d:alt_encoding="0000000000000000" d:precision="string">0</e>
										<e d:type="sFloat32" d:alt_encoding="0000000000000000" d:precision="string">0</e>
										<e d:type="sFloat32" d:alt_encoding="000000000000F03F" d:precision="string">1</e>
										<e d:type="sFloat32" d:alt_encoding="0000000000000000" d:precision="string">0</e>
										<e d:type="sFloat32" d:alt_encoding="0000000000000000" d:precision="string">0</e>
										<e d:type="sFloat32" d:alt_encoding="000000000000F0BF" d:precision="string">-1</e>
										<e d:type="sFloat32" d:alt_encoding="0000000000000000" d:precision="string">0</e>
										<e d:type="sFloat32" d:alt_encoding="0000000000000000" d:precision="string">0</e>
										<e d:type="sFloat32" d:alt_encoding="0000000000000000" d:precision="string">0</e>
										<e d:type="sFloat32" d:alt_encoding="00000040E17A0F40" d:precision="string">3.935</e>
										<e d:type="sFloat32" d:alt_encoding="0000000000000000" d:precision="string">0</e>
										<e d:type="sFloat32" d:alt_encoding="00000000000022C0" d:precision="string">-9</e>
										<e d:type="sFloat32" d:alt_encoding="000000000000F03F" d:precision="string">1</e>
									</Element>
								</cHcRMatrix4x4>
							</Matrix>
						</cEntityContainerBlueprint-sChild>
						<cEntityContainerBlueprint-sChild d:id="57458312">
							<ChildName d:type="cDeltaString">Warning1</ChildName>
							<BlueprintID>
								<iBlueprintLibrary-cAbsoluteBlueprintID>
									<BlueprintSetID>
										<iBlueprintLibrary-cBlueprintSetID>
											<Provider d:type="cDeltaString">SummerADDE</Provider>
											<Product d:type="cDeltaString">SECrossingsTest</Product>
										</iBlueprintLibrary-cBlueprintSetID>
									</BlueprintSetID>
									<BlueprintID d:type="cDeltaString">RailNetwork\LevelCrossings\signalheads\SE X31.xml</BlueprintID>
								</iBlueprintLibrary-cAbsoluteBlueprintID>
							</BlueprintID>
							<Matrix>
								<cHcRMatrix4x4>
									<Element>
										<e d:type="sFloat32" d:alt_encoding="0000000000000000" d:precision="string">0</e>
										<e d:type="sFloat32" d:alt_encoding="0000000000000000" d:precision="string">0</e>
										<e d:type="sFloat32" d:alt_encoding="000000000000F0BF" d:precision="string">-1</e>
										<e d:type="sFloat32" d:alt_encoding="0000000000000000" d:precision="string">0</e>
										<e d:type="sFloat32" d:alt_encoding="0000000000000000" d:precision="string">0</e>
										<e d:type="sFloat32" d:alt_encoding="000000000000F03F" d:precision="string">1</e>
										<e d:type="sFloat32" d:alt_encoding="0000000000000000" d:precision="string">0</e>
										<e d:type="sFloat32" d:alt_encoding="0000000000000000" d:precision="string">0</e>
										<e d:type="sFloat32" d:alt_encoding="000000000000F03F" d:precision="string">1</e>
										<e d:type="sFloat32" d:alt_encoding="0000000000000000" d:precision="string">0</e>
										<e d:type="sFloat32" d:alt_encoding="0000000000000000" d:precision="string">0</e>
										<e d:type="sFloat32" d:alt_encoding="0000000000000000" d:precision="string">0</e>
										<e d:type="sFloat32" d:alt_encoding="000000E0A3F016C0" d:precision="string">-5.735</e>
										<e d:type="sFloat32" d:alt_encoding="0000000000000000" d:precision="string">0</e>
										<e d:type="sFloat32" d:alt_encoding="00000000000022C0" d:precision="string">-9</e>
										<e d:type="sFloat32" d:alt_encoding="000000000000F03F" d:precision="string">1</e>
									</Element>
								</cHcRMatrix4x4>
							</Matrix>
						</cEntityContainerBlueprint-sChild>
						<cEntityContainerBlueprint-sChild d:id="57458312">
							<ChildName d:type="cDeltaString">Warning2</ChildName>
							<BlueprintID>
								<iBlueprintLibrary-cAbsoluteBlueprintID>
									<BlueprintSetID>
										<iBlueprintLibrary-cBlueprintSetID>
											<Provider d:type="cDeltaString">SummerADDE</Provider>
											<Product d:type="cDeltaString">SECrossingsTest</Product>
										</iBlueprintLibrary-cBlueprintSetID>
									</BlueprintSetID>
									<BlueprintID d:type="cDeltaString">RailNetwork\LevelCrossings\signalheads\SE X31.xml</BlueprintID>
								</iBlueprintLibrary-cAbsoluteBlueprintID>
							</BlueprintID>
							<Matrix>
								<cHcRMatrix4x4>
									<Element>
										<e d:type="sFloat32" d:alt_encoding="0000000000000000" d:precision="string">0</e>
										<e d:type="sFloat32" d:alt_encoding="0000000000000000" d:precision="string">0</e>
										<e d:type="sFloat32" d:alt_encoding="000000000000F03F" d:precision="string">1</e>
										<e d:type="sFloat32" d:alt_encoding="0000000000000000" d:precision="string">0</e>
										<e d:type="sFloat32" d:alt_encoding="0000000000000000" d:precision="string">0</e>
										<e d:type="sFloat32" d:alt_encoding="000000000000F03F" d:precision="string">1</e>
										<e d:type="sFloat32" d:alt_encoding="0000000000000000" d:precision="string">0</e>
										<e d:type="sFloat32" d:alt_encoding="0000000000000000" d:precision="string">0</e>
										<e d:type="sFloat32" d:alt_encoding="000000000000F0BF" d:precision="string">-1</e>
										<e d:type="sFloat32" d:alt_encoding="0000000000000000" d:precision="string">0</e>
										<e d:type="sFloat32" d:alt_encoding="0000000000000000" d:precision="string">0</e>
										<e d:type="sFloat32" d:alt_encoding="0000000000000000" d:precision="string">0</e>
										<e d:type="sFloat32" d:alt_encoding="000000E0A3F01640" d:precision="string">5.735</e>
										<e d:type="sFloat32" d:alt_encoding="0000000000000000" d:precision="string">0</e>
										<e d:type="sFloat32" d:alt_encoding="0000000000002240" d:precision="string">9</e>
										<e d:type="sFloat32" d:alt_encoding="000000000000F03F" d:precision="string">1</e>
									</Element>
								</cHcRMatrix4x4>
							</Matrix>
						</cEntityContainerBlueprint-sChild>
						<cEntityContainerBlueprint-sChild d:id="57458312">
							<ChildName d:type="cDeltaString">Warning3</ChildName>
							<BlueprintID>
								<iBlueprintLibrary-cAbsoluteBlueprintID>
									<BlueprintSetID>
										<iBlueprintLibrary-cBlueprintSetID>
											<Provider d:type="cDeltaString">SummerADDE</Provider>
											<Product d:type="cDeltaString">SECrossingsTest</Product>
										</iBlueprintLibrary-cBlueprintSetID>
									</BlueprintSetID>
									<BlueprintID d:type="cDeltaString">RailNetwork\LevelCrossings\signalheads\SE X21.xml</BlueprintID>
								</iBlueprintLibrary-cAbsoluteBlueprintID>
							</BlueprintID>
							<Matrix>
								<cHcRMatrix4x4>
									<Element>
										<e d:type="sFloat32" d:alt_encoding="0000000000000000" d:precision="string">0</e>
										<e d:type="sFloat32" d:alt_encoding="0000000000000000" d:precision="string">0</e>
										<e d:type="sFloat32" d:alt_encoding="000000000000F0BF" d:precision="string">-1</e>
										<e d:type="sFloat32" d:alt_encoding="0000000000000000" d:precision="string">0</e>
										<e d:type="sFloat32" d:alt_encoding="0000000000000000" d:precision="string">0</e>
										<e d:type="sFloat32" d:alt_encoding="000000000000F03F" d:precision="string">1</e>
										<e d:type="sFloat32" d:alt_encoding="0000000000000000" d:precision="string">0</e>
										<e d:type="sFloat32" d:alt_encoding="0000000000000000" d:precision="string">0</e>
										<e d:type="sFloat32" d:alt_encoding="000000000000F03F" d:precision="string">1</e>
										<e d:type="sFloat32" d:alt_encoding="0000000000000000" d:precision="string">0</e>
										<e d:type="sFloat32" d:alt_encoding="0000000000000000" d:precision="string">0</e>
										<e d:type="sFloat32" d:alt_encoding="0000000000000000" d:precision="string">0</e>
										<e d:type="sFloat32" d:alt_encoding="000000E0A3F016C0" d:precision="string">-5.735</e>
										<e d:type="sFloat32" d:alt_encoding="0000000000000000" d:precision="string">0</e>
										<e d:type="sFloat32" d:alt_encoding="0000000000002240" d:precision="string">9</e>
										<e d:type="sFloat32" d:alt_encoding="000000000000F03F" d:precision="string">1</e>
									</Element>
								</cHcRMatrix4x4>
							</Matrix>
						</cEntityContainerBlueprint-sChild>
						<cEntityContainerBlueprint-sChild d:id="57461512">
							<ChildName d:type="cDeltaString">Warning4</ChildName>
							<BlueprintID>
								<iBlueprintLibrary-cAbsoluteBlueprintID>
									<BlueprintSetID>
										<iBlueprintLibrary-cBlueprintSetID>
											<Provider d:type="cDeltaString">SummerADDE</Provider>
											<Product d:type="cDeltaString">SECrossingsTest</Product>
										</iBlueprintLibrary-cBlueprintSetID>
									</BlueprintSetID>
									<BlueprintID d:type="cDeltaString">RailNetwork\LevelCrossings\signalheads\SE X21.xml</BlueprintID>
								</iBlueprintLibrary-cAbsoluteBlueprintID>
							</BlueprintID>
							<Matrix>
								<cHcRMatrix4x4>
									<Element>
										<e d:type="sFloat32" d:alt_encoding="0000000000000000" d:precision="string">0</e>
										<e d:type="sFloat32" d:alt_encoding="0000000000000000" d:precision="string">0</e>
										<e d:type="sFloat32" d:alt_encoding="000000000000F03F" d:precision="string">1</e>
										<e d:type="sFloat32" d:alt_encoding="0000000000000000" d:precision="string">0</e>
										<e d:type="sFloat32" d:alt_encoding="0000000000000000" d:precision="string">0</e>
										<e d:type="sFloat32" d:alt_encoding="000000000000F03F" d:precision="string">1</e>
										<e d:type="sFloat32" d:alt_encoding="0000000000000000" d:precision="string">0</e>
										<e d:type="sFloat32" d:alt_encoding="0000000000000000" d:precision="string">0</e>
										<e d:type="sFloat32" d:alt_encoding="000000000000F0BF" d:precision="string">-1</e>
										<e d:type="sFloat32" d:alt_encoding="0000000000000000" d:precision="string">0</e>
										<e d:type="sFloat32" d:alt_encoding="0000000000000000" d:precision="string">0</e>
										<e d:type="sFloat32" d:alt_encoding="0000000000000000" d:precision="string">0</e>
										<e d:type="sFloat32" d:alt_encoding="000000E0A3F01640" d:precision="string">5.735</e>
										<e d:type="sFloat32" d:alt_encoding="0000000000000000" d:precision="string">0</e>
										<e d:type="sFloat32" d:alt_encoding="00000000000022C0" d:precision="string">-9</e>
										<e d:type="sFloat32" d:alt_encoding="000000000000F03F" d:precision="string">1</e>
									</Element>
								</cHcRMatrix4x4>
							</Matrix>
						</cEntityContainerBlueprint-sChild>
						<cEntityContainerBlueprint-sChild d:id="57853016">
							<ChildName d:type="cDeltaString">Signal1</ChildName>
							<BlueprintID>
								<iBlueprintLibrary-cAbsoluteBlueprintID>
									<BlueprintSetID>
										<iBlueprintLibrary-cBlueprintSetID>
											<Provider d:type="cDeltaString">SummerADDE</Provider>
											<Product d:type="cDeltaString">SECrossingsTest</Product>
										</iBlueprintLibrary-cBlueprintSetID>
									</BlueprintSetID>
									<BlueprintID d:type="cDeltaString">RailNetwork\LevelCrossings\signalheads\SE V.xml</BlueprintID>
								</iBlueprintLibrary-cAbsoluteBlueprintID>
							</BlueprintID>
							<Matrix>
								<cHcRMatrix4x4>
									<Element>
										<e d:type="sFloat32" d:alt_encoding="000000000000F0BF" d:precision="string">-1</e>
										<e d:type="sFloat32" d:alt_encoding="0000000000000000" d:precision="string">0</e>
										<e d:type="sFloat32" d:alt_encoding="0000000000000000" d:precision="string">0</e>
										<e d:type="sFloat32" d:alt_encoding="0000000000000000" d:precision="string">0</e>
										<e d:type="sFloat32" d:alt_encoding="0000000000000000" d:precision="string">0</e>
										<e d:type="sFloat32" d:alt_encoding="000000000000F03F" d:precision="string">1</e>
										<e d:type="sFloat32" d:alt_encoding="0000000000000000" d:precision="string">0</e>
										<e d:type="sFloat32" d:alt_encoding="0000000000000000" d:precision="string">0</e>
										<e d:type="sFloat32" d:alt_encoding="0000000000000000" d:precision="string">0</e>
										<e d:type="sFloat32" d:alt_encoding="0000000000000000" d:precision="string">0</e>
										<e d:type="sFloat32" d:alt_encoding="000000000000F0BF" d:precision="string">-1</e>
										<e d:type="sFloat32" d:alt_encoding="0000000000000000" d:precision="string">0</e>
										<e d:type="sFloat32" d:alt_encoding="00000020AE4704C0" d:precision="string">-2.535</e>
										<e d:type="sFloat32" d:alt_encoding="0000000000000000" d:precision="string">0</e>
										<e d:type="sFloat32" d:alt_encoding="0000000000002340" d:precision="string">9.5</e>
										<e d:type="sFloat32" d:alt_encoding="000000000000F03F" d:precision="string">1</e>
									</Element>
								</cHcRMatrix4x4>
							</Matrix>
						</cEntityContainerBlueprint-sChild>
						<cEntityContainerBlueprint-sChild d:id="57853016">
							<ChildName d:type="cDeltaString">Signal3</ChildName>
							<BlueprintID>
								<iBlueprintLibrary-cAbsoluteBlueprintID>
									<BlueprintSetID>
										<iBlueprintLibrary-cBlueprintSetID>
											<Provider d:type="cDeltaString">SummerADDE</Provider>
											<Product d:type="cDeltaString">SECrossingsTest</Product>
										</iBlueprintLibrary-cBlueprintSetID>
									</BlueprintSetID>
									<BlueprintID d:type="cDeltaString">RailNetwork\LevelCrossings\signalheads\SE VF.xml</BlueprintID>
								</iBlueprintLibrary-cAbsoluteBlueprintID>
							</BlueprintID>
							<Matrix>
								<cHcRMatrix4x4>
									<Element>
										<e d:type="sFloat32" d:alt_encoding="000000000000F0BF" d:precision="string">-1</e>
										<e d:type="sFloat32" d:alt_encoding="0000000000000000" d:precision="string">0</e>
										<e d:type="sFloat32" d:alt_encoding="0000000000000000" d:precision="string">0</e>
										<e d:type="sFloat32" d:alt_encoding="0000000000000000" d:precision="string">0</e>
										<e d:type="sFloat32" d:alt_encoding="0000000000000000" d:precision="string">0</e>
										<e d:type="sFloat32" d:alt_encoding="000000000000F03F" d:precision="string">1</e>
										<e d:type="sFloat32" d:alt_encoding="0000000000000000" d:precision="string">0</e>
										<e d:type="sFloat32" d:alt_encoding="0000000000000000" d:precision="string">0</e>
										<e d:type="sFloat32" d:alt_encoding="0000000000000000" d:precision="string">0</e>
										<e d:type="sFloat32" d:alt_encoding="0000000000000000" d:precision="string">0</e>
										<e d:type="sFloat32" d:alt_encoding="000000000000F0BF" d:precision="string">-1</e>
										<e d:type="sFloat32" d:alt_encoding="0000000000000000" d:precision="string">0</e>
										<e d:type="sFloat32" d:alt_encoding="00000020AE470440" d:precision="string">2.535</e>
										<e d:type="sFloat32" d:alt_encoding="0000000000000000" d:precision="string">0</e>
										<e d:type="sFloat32" d:alt_encoding="0000000000002AC0" d:precision="string">-13</e>
										<e d:type="sFloat32" d:alt_encoding="000000000000F03F" d:precision="string">1</e>
									</Element>
								</cHcRMatrix4x4>
							</Matrix>
						</cEntityContainerBlueprint-sChild>
						<cEntityContainerBlueprint-sChild d:id="57853016">
							<ChildName d:type="cDeltaString">Signal4</ChildName>
							<BlueprintID>
								<iBlueprintLibrary-cAbsoluteBlueprintID>
									<BlueprintSetID>
										<iBlueprintLibrary-cBlueprintSetID>
											<Provider d:type="cDeltaString">SummerADDE</Provider>
											<Product d:type="cDeltaString">SECrossingsTest</Product>
										</iBlueprintLibrary-cBlueprintSetID>
									</BlueprintSetID>
									<BlueprintID d:type="cDeltaString">RailNetwork\LevelCrossings\signalheads\SE VF.xml</BlueprintID>
								</iBlueprintLibrary-cAbsoluteBlueprintID>
							</BlueprintID>
							<Matrix>
								<cHcRMatrix4x4>
									<Element>
										<e d:type="sFloat32" d:alt_encoding="000000000000F03F" d:precision="string">1</e>
										<e d:type="sFloat32" d:alt_encoding="0000000000000000" d:precision="string">0</e>
										<e d:type="sFloat32" d:alt_encoding="0000000000000000" d:precision="string">0</e>
										<e d:type="sFloat32" d:alt_encoding="0000000000000000" d:precision="string">0</e>
										<e d:type="sFloat32" d:alt_encoding="0000000000000000" d:precision="string">0</e>
										<e d:type="sFloat32" d:alt_encoding="000000000000F03F" d:precision="string">1</e>
										<e d:type="sFloat32" d:alt_encoding="0000000000000000" d:precision="string">0</e>
										<e d:type="sFloat32" d:alt_encoding="0000000000000000" d:precision="string">0</e>
										<e d:type="sFloat32" d:alt_encoding="0000000000000000" d:precision="string">0</e>
										<e d:type="sFloat32" d:alt_encoding="0000000000000000" d:precision="string">0</e>
										<e d:type="sFloat32" d:alt_encoding="000000000000F03F" d:precision="string">1</e>
										<e d:type="sFloat32" d:alt_encoding="0000000000000000" d:precision="string">0</e>
										<e d:type="sFloat32" d:alt_encoding="00000020AE4704C0" d:precision="string">-2.535</e>
										<e d:type="sFloat32" d:alt_encoding="0000000000000000" d:precision="string">0</e>
										<e d:type="sFloat32" d:alt_encoding="0000000000002A40" d:precision="string">13</e>
										<e d:type="sFloat32" d:alt_encoding="000000000000F03F" d:precision="string">1</e>
									</Element>
								</cHcRMatrix4x4>
							</Matrix>
						</cEntityContainerBlueprint-sChild>
						<cEntityContainerBlueprint-sChild d:id="57938936">
							<ChildName d:type="cDeltaString">Sound</ChildName>
							<BlueprintID>
								<iBlueprintLibrary-cAbsoluteBlueprintID>
									<BlueprintSetID>
										<iBlueprintLibrary-cBlueprintSetID>
											<Provider d:type="cDeltaString">SummerADDE</Provider>
											<Product d:type="cDeltaString">SECrossingsTest</Product>
										</iBlueprintLibrary-cBlueprintSetID>
									</BlueprintSetID>
									<BlueprintID d:type="cDeltaString">RailNetwork\LevelCrossings\Audio\SE LC Bell01.xml</BlueprintID>
								</iBlueprintLibrary-cAbsoluteBlueprintID>
							</BlueprintID>
							<Matrix>
								<cHcRMatrix4x4>
									<Element/>
								</cHcRMatrix4x4>
							</Matrix>
						</cEntityContainerBlueprint-sChild>
					</Children>
				</cEntityContainerBlueprint>
			</ContainerComponentBP>
			<ScriptComponentBP>
				<cScriptComponentBlueprint>
					<Name d:type="cDeltaString">SummerADDE\SECrossingsTest\RailNetwork\LevelCrossings\scripts\SEV2 LC A</Name>
				</cScriptComponentBlueprint>
			</ScriptComponentBP>
		</cLevelCrossingBlueprint>
	</Blueprint>
</cBlueprintLoader>
