<?xml version="1.0" encoding="utf-8"?>
<cBlueprintLoader xmlns:d="http://www.kuju.com/TnT/2003/Delta" d:version="1.0">
	<Blueprint>
		<cAnimSceneryBlueprint>
			<Name d:type="cDeltaString">SE DV7</Name>
			<BrowseInformation>
				<iBrowseableBlueprint-cBrowseInformation>
					<DisplayName>
						<Localisation-cUserLocalisedString>
							<English d:type="cDeltaString">SE DV7</English>
							<French d:type="cDeltaString">SE DV7</French>
							<Italian d:type="cDeltaString">SE DV7</Italian>
							<German d:type="cDeltaString">SE DV7</German>
							<Spanish d:type="cDeltaString">SE DV7</Spanish>
							<Dutch d:type="cDeltaString"></Dutch>
							<Polish d:type="cDeltaString"></Polish>
							<Russian d:type="cDeltaString"></Russian>
							<Other/>
							<Key d:type="cDeltaString"></Key>
						</Localisation-cUserLocalisedString>
					</DisplayName>
					<Description>
						<Localisation-cUserLocalisedString>
							<English d:type="cDeltaString"></English>
							<French d:type="cDeltaString"></French>
							<Italian d:type="cDeltaString"></Italian>
							<German d:type="cDeltaString"></German>
							<Spanish d:type="cDeltaString"></Spanish>
							<Dutch d:type="cDeltaString"></Dutch>
							<Polish d:type="cDeltaString"></Polish>
							<Russian d:type="cDeltaString"></Russian>
							<Other/>
							<Key d:type="cDeltaString"></Key>
						</Localisation-cUserLocalisedString>
					</Description>
					<Category d:type="cDeltaString">eExcludeFromBrowserList</Category>
					<ValidInScenarios d:type="cDeltaString">eFalse</ValidInScenarios>
				</iBrowseableBlueprint-cBrowseInformation>
			</BrowseInformation>
			<RenderComponent>
				<cAnimSceneryRenderBlueprint>
					<PrimaryNamedTextureSet>
						<iBlueprintLibrary-cAbsoluteBlueprintID>
							<BlueprintSetID>
								<iBlueprintLibrary-cBlueprintSetID>
									<Provider d:type="cDeltaString"></Provider>
									<Product d:type="cDeltaString"></Product>
								</iBlueprintLibrary-cBlueprintSetID>
							</BlueprintSetID>
							<BlueprintID d:type="cDeltaString"></BlueprintID>
						</iBlueprintLibrary-cAbsoluteBlueprintID>
					</PrimaryNamedTextureSet>
					<SecondaryNamedTextureSet>
						<iBlueprintLibrary-cAbsoluteBlueprintID>
							<BlueprintSetID>
								<iBlueprintLibrary-cBlueprintSetID>
									<Provider d:type="cDeltaString"></Provider>
									<Product d:type="cDeltaString"></Product>
								</iBlueprintLibrary-cBlueprintSetID>
							</BlueprintSetID>
							<BlueprintID d:type="cDeltaString"></BlueprintID>
						</iBlueprintLibrary-cAbsoluteBlueprintID>
					</SecondaryNamedTextureSet>
					<GeometryID d:type="cDeltaString">SummerADDE\SESignalsTest\RailNetwork\signals\shapes\[00]SE DV7 Signal</GeometryID>
					<CollisionGeometryID d:type="cDeltaString"></CollisionGeometryID>
					<Pickable d:type="cDeltaString">eTrue</Pickable>
					<ShadowType d:type="cDeltaString">eShadowType_None</ShadowType>
					<ViewType d:type="cDeltaString">ExternalView</ViewType>
					<HeatHaze/>
					<TexText/>
					<ProjectedLightElement/>
					<Instancable d:type="bool">0</Instancable>
					<DetailLevelGenerationRange>
						<cSceneryRenderBlueprint-sDetailLevelGenerationRange>
							<HighestLevel_1isHighest d:type="sInt32">1</HighestLevel_1isHighest>
							<LowestLevel_10isLowest d:type="sInt32">10</LowestLevel_10isLowest>
						</cSceneryRenderBlueprint-sDetailLevelGenerationRange>
					</DetailLevelGenerationRange>
					<AnimSet/>
				</cAnimSceneryRenderBlueprint>
			</RenderComponent>
			<PosOriComponent>
				<cPosOriBlueprint/>
			</PosOriComponent>
			<ContainerComponent>
				<cEntityContainerBlueprint>
					<Children/>
				</cEntityContainerBlueprint>
			</ContainerComponent>
		</cAnimSceneryBlueprint>
	</Blueprint>
</cBlueprintLoader>
