<?xml version="1.0" encoding="utf-8"?>
<cHcGeometry xmlns:d="http://www.kuju.com/TnT/2003/Delta" d:version="1.0" d:id="287432472">
	<LODController>
		<cHcGeometryLODController d:id="287397528">
			<LOD>
				<e d:type="sFloat32" d:alt_encoding="0000000000E09540" d:precision="string">1400</e>
			</LOD>
		</cHcGeometryLODController>
		<cHcGeometryLODController d:id="287397540">
			<LOD>
				<e d:type="sFloat32" d:alt_encoding="0000000000408F40" d:precision="string">1000</e>
			</LOD>
		</cHcGeometryLODController>
	</LODController>
	<Material>
		<cHcEffectMaterialDx d:id="287489272">
			<ShaderName d:type="cDeltaString">TrainLightMapWithDiffuse.fx</ShaderName>
			<TextureByName>
				<e d:type="cDeltaString">textures\[00]sign-brg-xxxx</e>
				<e d:type="cDeltaString">textures\[00]wp26-02_cont40ft_sm</e>
			</TextureByName>
			<Name d:type="cDeltaString">main</Name>
			<CollisionSurface d:type="cDeltaString">METAL</CollisionSurface>
			<VertexType d:type="ref">287529496</VertexType>
			<FrameAlphaMode d:type="cDeltaString">ALPHA_MODE_NONE</FrameAlphaMode>
			<PassPlatformData/>
			<FloatParam>
				<cHcEffectMaterialDx-cFloatParam d:id="287489472">
					<Name d:type="cDeltaString">SPECULARPOWER</Name>
					<Value d:type="sFloat32" d:alt_encoding="0000000000000000" d:precision="string">0</Value>
				</cHcEffectMaterialDx-cFloatParam>
				<cHcEffectMaterialDx-cFloatParam d:id="287489484">
					<Name d:type="cDeltaString">CUSTOMPARAM0</Name>
					<Value d:type="sFloat32" d:alt_encoding="0000000000000000" d:precision="string">0</Value>
				</cHcEffectMaterialDx-cFloatParam>
				<cHcEffectMaterialDx-cFloatParam d:id="287489496">
					<Name d:type="cDeltaString">CUSTOMPARAM1</Name>
					<Value d:type="sFloat32" d:alt_encoding="0000000000000000" d:precision="string">0</Value>
				</cHcEffectMaterialDx-cFloatParam>
				<cHcEffectMaterialDx-cFloatParam d:id="287489508">
					<Name d:type="cDeltaString">CUSTOMPARAM2</Name>
					<Value d:type="sFloat32" d:alt_encoding="0000000000000000" d:precision="string">0</Value>
				</cHcEffectMaterialDx-cFloatParam>
				<cHcEffectMaterialDx-cFloatParam d:id="287489520">
					<Name d:type="cDeltaString">CUSTOMPARAM3</Name>
					<Value d:type="sFloat32" d:alt_encoding="0000000000000000" d:precision="string">0</Value>
				</cHcEffectMaterialDx-cFloatParam>
				<cHcEffectMaterialDx-cFloatParam d:id="287489532">
					<Name d:type="cDeltaString">CUSTOMPARAM4</Name>
					<Value d:type="sFloat32" d:alt_encoding="0000000000000000" d:precision="string">0</Value>
				</cHcEffectMaterialDx-cFloatParam>
				<cHcEffectMaterialDx-cFloatParam d:id="287489544">
					<Name d:type="cDeltaString">CUSTOMPARAM5</Name>
					<Value d:type="sFloat32" d:alt_encoding="0000000000000000" d:precision="string">0</Value>
				</cHcEffectMaterialDx-cFloatParam>
			</FloatParam>
			<VectorParam>
				<cHcEffectMaterialDx-cVectorParam d:id="287489668">
					<Name d:type="cDeltaString">AMBIENT</Name>
					<Value d:numElements="4" d:elementType="sFloat32" d:precision="string">1.0000000 1.0000000 1.0000000 1.0000000</Value>
				</cHcEffectMaterialDx-cVectorParam>
				<cHcEffectMaterialDx-cVectorParam d:id="287489692">
					<Name d:type="cDeltaString">EMISSIVE</Name>
					<Value d:numElements="4" d:elementType="sFloat32" d:precision="string">0.0000000 0.0000000 0.0000000 1.0000000</Value>
				</cHcEffectMaterialDx-cVectorParam>
				<cHcEffectMaterialDx-cVectorParam d:id="287489716">
					<Name d:type="cDeltaString">SPECULARCOLOR</Name>
					<Value d:numElements="4" d:elementType="sFloat32" d:precision="string">1.0000000 1.0000000 1.0000000 1.0000000</Value>
				</cHcEffectMaterialDx-cVectorParam>
				<cHcEffectMaterialDx-cVectorParam d:id="287489740">
					<Name d:type="cDeltaString">DIFFUSECOLOR</Name>
					<Value d:numElements="4" d:elementType="sFloat32" d:precision="string">1.0000000 1.0000000 1.0000000 1.0000000</Value>
				</cHcEffectMaterialDx-cVectorParam>
			</VectorParam>
			<AlphaTestType d:type="cDeltaString">HC_ALPHATEST_ALWAYS</AlphaTestType>
			<AlphaRef d:type="sUInt32">127</AlphaRef>
			<TwoSided d:type="bool">0</TwoSided>
			<MipLodBias>
				<e d:type="sFloat32" d:alt_encoding="0000000000000000" d:precision="string">0</e>
				<e d:type="sFloat32" d:alt_encoding="0000000000000000" d:precision="string">0</e>
			</MipLodBias>
			<TextureAddrModeU>
				<e d:type="cDeltaString">HC_TEXTURE_ADDR_MODE_WRAP</e>
				<e d:type="cDeltaString">HC_TEXTURE_ADDR_MODE_WRAP</e>
			</TextureAddrModeU>
			<TextureAddrModeV>
				<e d:type="cDeltaString">HC_TEXTURE_ADDR_MODE_WRAP</e>
				<e d:type="cDeltaString">HC_TEXTURE_ADDR_MODE_WRAP</e>
			</TextureAddrModeV>
			<TextureAddrModeW>
				<e d:type="cDeltaString">HC_TEXTURE_ADDR_MODE_WRAP</e>
				<e d:type="cDeltaString">HC_TEXTURE_ADDR_MODE_WRAP</e>
			</TextureAddrModeW>
		</cHcEffectMaterialDx>
		<cHcEffectMaterialDx d:id="287496672">
			<ShaderName d:type="cDeltaString">TrainBasicObjectDiffuse.fx</ShaderName>
			<TextureByName>
				<e d:type="cDeltaString">textures\[00]primarynumber_2</e>
			</TextureByName>
			<Name d:type="cDeltaString">primarydigits_3</Name>
			<CollisionSurface d:type="cDeltaString">METAL</CollisionSurface>
			<VertexType d:type="ref">287533104</VertexType>
			<FrameAlphaMode d:type="cDeltaString">ALPHA_MODE_NONE</FrameAlphaMode>
			<PassPlatformData/>
			<FloatParam>
				<cHcEffectMaterialDx-cFloatParam d:id="287496872">
					<Name d:type="cDeltaString">SPECULARPOWER</Name>
					<Value d:type="sFloat32" d:alt_encoding="0000000000000000" d:precision="string">0</Value>
				</cHcEffectMaterialDx-cFloatParam>
				<cHcEffectMaterialDx-cFloatParam d:id="287496884">
					<Name d:type="cDeltaString">CUSTOMPARAM0</Name>
					<Value d:type="sFloat32" d:alt_encoding="0000000000000000" d:precision="string">0</Value>
				</cHcEffectMaterialDx-cFloatParam>
				<cHcEffectMaterialDx-cFloatParam d:id="287496896">
					<Name d:type="cDeltaString">CUSTOMPARAM1</Name>
					<Value d:type="sFloat32" d:alt_encoding="0000000000000000" d:precision="string">0</Value>
				</cHcEffectMaterialDx-cFloatParam>
				<cHcEffectMaterialDx-cFloatParam d:id="287496908">
					<Name d:type="cDeltaString">CUSTOMPARAM2</Name>
					<Value d:type="sFloat32" d:alt_encoding="0000000000000000" d:precision="string">0</Value>
				</cHcEffectMaterialDx-cFloatParam>
				<cHcEffectMaterialDx-cFloatParam d:id="287496920">
					<Name d:type="cDeltaString">CUSTOMPARAM3</Name>
					<Value d:type="sFloat32" d:alt_encoding="0000000000000000" d:precision="string">0</Value>
				</cHcEffectMaterialDx-cFloatParam>
				<cHcEffectMaterialDx-cFloatParam d:id="287496932">
					<Name d:type="cDeltaString">CUSTOMPARAM4</Name>
					<Value d:type="sFloat32" d:alt_encoding="0000000000000000" d:precision="string">0</Value>
				</cHcEffectMaterialDx-cFloatParam>
				<cHcEffectMaterialDx-cFloatParam d:id="287496944">
					<Name d:type="cDeltaString">CUSTOMPARAM5</Name>
					<Value d:type="sFloat32" d:alt_encoding="0000000000000000" d:precision="string">0</Value>
				</cHcEffectMaterialDx-cFloatParam>
			</FloatParam>
			<VectorParam>
				<cHcEffectMaterialDx-cVectorParam d:id="287497068">
					<Name d:type="cDeltaString">AMBIENT</Name>
					<Value d:numElements="4" d:elementType="sFloat32" d:precision="string">1.0000000 1.0000000 1.0000000 1.0000000</Value>
				</cHcEffectMaterialDx-cVectorParam>
				<cHcEffectMaterialDx-cVectorParam d:id="287497092">
					<Name d:type="cDeltaString">EMISSIVE</Name>
					<Value d:numElements="4" d:elementType="sFloat32" d:precision="string">0.0000000 0.0000000 0.0000000 1.0000000</Value>
				</cHcEffectMaterialDx-cVectorParam>
				<cHcEffectMaterialDx-cVectorParam d:id="287497116">
					<Name d:type="cDeltaString">SPECULARCOLOR</Name>
					<Value d:numElements="4" d:elementType="sFloat32" d:precision="string">1.0000000 1.0000000 1.0000000 1.0000000</Value>
				</cHcEffectMaterialDx-cVectorParam>
				<cHcEffectMaterialDx-cVectorParam d:id="287497140">
					<Name d:type="cDeltaString">DIFFUSECOLOR</Name>
					<Value d:numElements="4" d:elementType="sFloat32" d:precision="string">1.0000000 1.0000000 1.0000000 1.0000000</Value>
				</cHcEffectMaterialDx-cVectorParam>
			</VectorParam>
			<AlphaTestType d:type="cDeltaString">HC_ALPHATEST_GREATER</AlphaTestType>
			<AlphaRef d:type="sUInt32">127</AlphaRef>
			<TwoSided d:type="bool">0</TwoSided>
			<MipLodBias>
				<e d:type="sFloat32" d:alt_encoding="0000000000000000" d:precision="string">0</e>
			</MipLodBias>
			<TextureAddrModeU>
				<e d:type="cDeltaString">HC_TEXTURE_ADDR_MODE_WRAP</e>
			</TextureAddrModeU>
			<TextureAddrModeV>
				<e d:type="cDeltaString">HC_TEXTURE_ADDR_MODE_WRAP</e>
			</TextureAddrModeV>
			<TextureAddrModeW>
				<e d:type="cDeltaString">HC_TEXTURE_ADDR_MODE_WRAP</e>
			</TextureAddrModeW>
		</cHcEffectMaterialDx>
		<cHcEffectMaterialDx d:id="287497664">
			<ShaderName d:type="cDeltaString">TrainBasicObjectDiffuse.fx</ShaderName>
			<TextureByName>
				<e d:type="cDeltaString">textures\[00]primarynumber_1</e>
			</TextureByName>
			<Name d:type="cDeltaString">primarydigits_2</Name>
			<CollisionSurface d:type="cDeltaString">METAL</CollisionSurface>
			<VertexType d:type="ref">287533104</VertexType>
			<FrameAlphaMode d:type="cDeltaString">ALPHA_MODE_NONE</FrameAlphaMode>
			<PassPlatformData/>
			<FloatParam>
				<cHcEffectMaterialDx-cFloatParam d:id="287497864">
					<Name d:type="cDeltaString">SPECULARPOWER</Name>
					<Value d:type="sFloat32" d:alt_encoding="0000000000000000" d:precision="string">0</Value>
				</cHcEffectMaterialDx-cFloatParam>
				<cHcEffectMaterialDx-cFloatParam d:id="287497876">
					<Name d:type="cDeltaString">CUSTOMPARAM0</Name>
					<Value d:type="sFloat32" d:alt_encoding="0000000000000000" d:precision="string">0</Value>
				</cHcEffectMaterialDx-cFloatParam>
				<cHcEffectMaterialDx-cFloatParam d:id="287497888">
					<Name d:type="cDeltaString">CUSTOMPARAM1</Name>
					<Value d:type="sFloat32" d:alt_encoding="0000000000000000" d:precision="string">0</Value>
				</cHcEffectMaterialDx-cFloatParam>
				<cHcEffectMaterialDx-cFloatParam d:id="287497900">
					<Name d:type="cDeltaString">CUSTOMPARAM2</Name>
					<Value d:type="sFloat32" d:alt_encoding="0000000000000000" d:precision="string">0</Value>
				</cHcEffectMaterialDx-cFloatParam>
				<cHcEffectMaterialDx-cFloatParam d:id="287497912">
					<Name d:type="cDeltaString">CUSTOMPARAM3</Name>
					<Value d:type="sFloat32" d:alt_encoding="0000000000000000" d:precision="string">0</Value>
				</cHcEffectMaterialDx-cFloatParam>
				<cHcEffectMaterialDx-cFloatParam d:id="287497924">
					<Name d:type="cDeltaString">CUSTOMPARAM4</Name>
					<Value d:type="sFloat32" d:alt_encoding="0000000000000000" d:precision="string">0</Value>
				</cHcEffectMaterialDx-cFloatParam>
				<cHcEffectMaterialDx-cFloatParam d:id="287497936">
					<Name d:type="cDeltaString">CUSTOMPARAM5</Name>
					<Value d:type="sFloat32" d:alt_encoding="0000000000000000" d:precision="string">0</Value>
				</cHcEffectMaterialDx-cFloatParam>
			</FloatParam>
			<VectorParam>
				<cHcEffectMaterialDx-cVectorParam d:id="287498060">
					<Name d:type="cDeltaString">AMBIENT</Name>
					<Value d:numElements="4" d:elementType="sFloat32" d:precision="string">1.0000000 1.0000000 1.0000000 1.0000000</Value>
				</cHcEffectMaterialDx-cVectorParam>
				<cHcEffectMaterialDx-cVectorParam d:id="287498084">
					<Name d:type="cDeltaString">EMISSIVE</Name>
					<Value d:numElements="4" d:elementType="sFloat32" d:precision="string">0.0000000 0.0000000 0.0000000 1.0000000</Value>
				</cHcEffectMaterialDx-cVectorParam>
				<cHcEffectMaterialDx-cVectorParam d:id="287498108">
					<Name d:type="cDeltaString">SPECULARCOLOR</Name>
					<Value d:numElements="4" d:elementType="sFloat32" d:precision="string">1.0000000 1.0000000 1.0000000 1.0000000</Value>
				</cHcEffectMaterialDx-cVectorParam>
				<cHcEffectMaterialDx-cVectorParam d:id="287498132">
					<Name d:type="cDeltaString">DIFFUSECOLOR</Name>
					<Value d:numElements="4" d:elementType="sFloat32" d:precision="string">1.0000000 1.0000000 1.0000000 1.0000000</Value>
				</cHcEffectMaterialDx-cVectorParam>
			</VectorParam>
			<AlphaTestType d:type="cDeltaString">HC_ALPHATEST_GREATER</AlphaTestType>
			<AlphaRef d:type="sUInt32">127</AlphaRef>
			<TwoSided d:type="bool">0</TwoSided>
			<MipLodBias>
				<e d:type="sFloat32" d:alt_encoding="0000000000000000" d:precision="string">0</e>
			</MipLodBias>
			<TextureAddrModeU>
				<e d:type="cDeltaString">HC_TEXTURE_ADDR_MODE_WRAP</e>
			</TextureAddrModeU>
			<TextureAddrModeV>
				<e d:type="cDeltaString">HC_TEXTURE_ADDR_MODE_WRAP</e>
			</TextureAddrModeV>
			<TextureAddrModeW>
				<e d:type="cDeltaString">HC_TEXTURE_ADDR_MODE_WRAP</e>
			</TextureAddrModeW>
		</cHcEffectMaterialDx>
		<cHcEffectMaterialDx d:id="287498656">
			<ShaderName d:type="cDeltaString">TrainBasicObjectDiffuse.fx</ShaderName>
			<TextureByName>
				<e d:type="cDeltaString">textures\[00]primarynumber_0</e>
			</TextureByName>
			<Name d:type="cDeltaString">primarydigits_1</Name>
			<CollisionSurface d:type="cDeltaString">METAL</CollisionSurface>
			<VertexType d:type="ref">287533104</VertexType>
			<FrameAlphaMode d:type="cDeltaString">ALPHA_MODE_NONE</FrameAlphaMode>
			<PassPlatformData/>
			<FloatParam>
				<cHcEffectMaterialDx-cFloatParam d:id="287498856">
					<Name d:type="cDeltaString">SPECULARPOWER</Name>
					<Value d:type="sFloat32" d:alt_encoding="0000000000000000" d:precision="string">0</Value>
				</cHcEffectMaterialDx-cFloatParam>
				<cHcEffectMaterialDx-cFloatParam d:id="287498868">
					<Name d:type="cDeltaString">CUSTOMPARAM0</Name>
					<Value d:type="sFloat32" d:alt_encoding="0000000000000000" d:precision="string">0</Value>
				</cHcEffectMaterialDx-cFloatParam>
				<cHcEffectMaterialDx-cFloatParam d:id="287498880">
					<Name d:type="cDeltaString">CUSTOMPARAM1</Name>
					<Value d:type="sFloat32" d:alt_encoding="0000000000000000" d:precision="string">0</Value>
				</cHcEffectMaterialDx-cFloatParam>
				<cHcEffectMaterialDx-cFloatParam d:id="287498892">
					<Name d:type="cDeltaString">CUSTOMPARAM2</Name>
					<Value d:type="sFloat32" d:alt_encoding="0000000000000000" d:precision="string">0</Value>
				</cHcEffectMaterialDx-cFloatParam>
				<cHcEffectMaterialDx-cFloatParam d:id="287498904">
					<Name d:type="cDeltaString">CUSTOMPARAM3</Name>
					<Value d:type="sFloat32" d:alt_encoding="0000000000000000" d:precision="string">0</Value>
				</cHcEffectMaterialDx-cFloatParam>
				<cHcEffectMaterialDx-cFloatParam d:id="287498916">
					<Name d:type="cDeltaString">CUSTOMPARAM4</Name>
					<Value d:type="sFloat32" d:alt_encoding="0000000000000000" d:precision="string">0</Value>
				</cHcEffectMaterialDx-cFloatParam>
				<cHcEffectMaterialDx-cFloatParam d:id="287498928">
					<Name d:type="cDeltaString">CUSTOMPARAM5</Name>
					<Value d:type="sFloat32" d:alt_encoding="0000000000000000" d:precision="string">0</Value>
				</cHcEffectMaterialDx-cFloatParam>
			</FloatParam>
			<VectorParam>
				<cHcEffectMaterialDx-cVectorParam d:id="287499052">
					<Name d:type="cDeltaString">AMBIENT</Name>
					<Value d:numElements="4" d:elementType="sFloat32" d:precision="string">1.0000000 1.0000000 1.0000000 1.0000000</Value>
				</cHcEffectMaterialDx-cVectorParam>
				<cHcEffectMaterialDx-cVectorParam d:id="287499076">
					<Name d:type="cDeltaString">EMISSIVE</Name>
					<Value d:numElements="4" d:elementType="sFloat32" d:precision="string">0.0000000 0.0000000 0.0000000 1.0000000</Value>
				</cHcEffectMaterialDx-cVectorParam>
				<cHcEffectMaterialDx-cVectorParam d:id="287499100">
					<Name d:type="cDeltaString">SPECULARCOLOR</Name>
					<Value d:numElements="4" d:elementType="sFloat32" d:precision="string">1.0000000 1.0000000 1.0000000 1.0000000</Value>
				</cHcEffectMaterialDx-cVectorParam>
				<cHcEffectMaterialDx-cVectorParam d:id="287499124">
					<Name d:type="cDeltaString">DIFFUSECOLOR</Name>
					<Value d:numElements="4" d:elementType="sFloat32" d:precision="string">1.0000000 1.0000000 1.0000000 1.0000000</Value>
				</cHcEffectMaterialDx-cVectorParam>
			</VectorParam>
			<AlphaTestType d:type="cDeltaString">HC_ALPHATEST_GREATER</AlphaTestType>
			<AlphaRef d:type="sUInt32">127</AlphaRef>
			<TwoSided d:type="bool">0</TwoSided>
			<MipLodBias>
				<e d:type="sFloat32" d:alt_encoding="0000000000000000" d:precision="string">0</e>
			</MipLodBias>
			<TextureAddrModeU>
				<e d:type="cDeltaString">HC_TEXTURE_ADDR_MODE_WRAP</e>
			</TextureAddrModeU>
			<TextureAddrModeV>
				<e d:type="cDeltaString">HC_TEXTURE_ADDR_MODE_WRAP</e>
			</TextureAddrModeV>
			<TextureAddrModeW>
				<e d:type="cDeltaString">HC_TEXTURE_ADDR_MODE_WRAP</e>
			</TextureAddrModeW>
		</cHcEffectMaterialDx>
		<cHcEffectMaterialDx d:id="287499648">
			<ShaderName d:type="cDeltaString">TrainBasicObjectDiffuse.fx</ShaderName>
			<TextureByName>
				<e d:type="cDeltaString">textures\[00]primarynumber_3</e>
			</TextureByName>
			<Name d:type="cDeltaString">primarydigits_4</Name>
			<CollisionSurface d:type="cDeltaString">METAL</CollisionSurface>
			<VertexType d:type="ref">287533104</VertexType>
			<FrameAlphaMode d:type="cDeltaString">ALPHA_MODE_NONE</FrameAlphaMode>
			<PassPlatformData/>
			<FloatParam>
				<cHcEffectMaterialDx-cFloatParam d:id="287499848">
					<Name d:type="cDeltaString">SPECULARPOWER</Name>
					<Value d:type="sFloat32" d:alt_encoding="0000000000000000" d:precision="string">0</Value>
				</cHcEffectMaterialDx-cFloatParam>
				<cHcEffectMaterialDx-cFloatParam d:id="287499860">
					<Name d:type="cDeltaString">CUSTOMPARAM0</Name>
					<Value d:type="sFloat32" d:alt_encoding="0000000000000000" d:precision="string">0</Value>
				</cHcEffectMaterialDx-cFloatParam>
				<cHcEffectMaterialDx-cFloatParam d:id="287499872">
					<Name d:type="cDeltaString">CUSTOMPARAM1</Name>
					<Value d:type="sFloat32" d:alt_encoding="0000000000000000" d:precision="string">0</Value>
				</cHcEffectMaterialDx-cFloatParam>
				<cHcEffectMaterialDx-cFloatParam d:id="287499884">
					<Name d:type="cDeltaString">CUSTOMPARAM2</Name>
					<Value d:type="sFloat32" d:alt_encoding="0000000000000000" d:precision="string">0</Value>
				</cHcEffectMaterialDx-cFloatParam>
				<cHcEffectMaterialDx-cFloatParam d:id="287499896">
					<Name d:type="cDeltaString">CUSTOMPARAM3</Name>
					<Value d:type="sFloat32" d:alt_encoding="0000000000000000" d:precision="string">0</Value>
				</cHcEffectMaterialDx-cFloatParam>
				<cHcEffectMaterialDx-cFloatParam d:id="287499908">
					<Name d:type="cDeltaString">CUSTOMPARAM4</Name>
					<Value d:type="sFloat32" d:alt_encoding="0000000000000000" d:precision="string">0</Value>
				</cHcEffectMaterialDx-cFloatParam>
				<cHcEffectMaterialDx-cFloatParam d:id="287499920">
					<Name d:type="cDeltaString">CUSTOMPARAM5</Name>
					<Value d:type="sFloat32" d:alt_encoding="0000000000000000" d:precision="string">0</Value>
				</cHcEffectMaterialDx-cFloatParam>
			</FloatParam>
			<VectorParam>
				<cHcEffectMaterialDx-cVectorParam d:id="287500044">
					<Name d:type="cDeltaString">AMBIENT</Name>
					<Value d:numElements="4" d:elementType="sFloat32" d:precision="string">1.0000000 1.0000000 1.0000000 1.0000000</Value>
				</cHcEffectMaterialDx-cVectorParam>
				<cHcEffectMaterialDx-cVectorParam d:id="287500068">
					<Name d:type="cDeltaString">EMISSIVE</Name>
					<Value d:numElements="4" d:elementType="sFloat32" d:precision="string">0.0000000 0.0000000 0.0000000 1.0000000</Value>
				</cHcEffectMaterialDx-cVectorParam>
				<cHcEffectMaterialDx-cVectorParam d:id="287500092">
					<Name d:type="cDeltaString">SPECULARCOLOR</Name>
					<Value d:numElements="4" d:elementType="sFloat32" d:precision="string">1.0000000 1.0000000 1.0000000 1.0000000</Value>
				</cHcEffectMaterialDx-cVectorParam>
				<cHcEffectMaterialDx-cVectorParam d:id="287500116">
					<Name d:type="cDeltaString">DIFFUSECOLOR</Name>
					<Value d:numElements="4" d:elementType="sFloat32" d:precision="string">1.0000000 1.0000000 1.0000000 1.0000000</Value>
				</cHcEffectMaterialDx-cVectorParam>
			</VectorParam>
			<AlphaTestType d:type="cDeltaString">HC_ALPHATEST_GREATER</AlphaTestType>
			<AlphaRef d:type="sUInt32">127</AlphaRef>
			<TwoSided d:type="bool">0</TwoSided>
			<MipLodBias>
				<e d:type="sFloat32" d:alt_encoding="0000000000000000" d:precision="string">0</e>
			</MipLodBias>
			<TextureAddrModeU>
				<e d:type="cDeltaString">HC_TEXTURE_ADDR_MODE_WRAP</e>
			</TextureAddrModeU>
			<TextureAddrModeV>
				<e d:type="cDeltaString">HC_TEXTURE_ADDR_MODE_WRAP</e>
			</TextureAddrModeV>
			<TextureAddrModeW>
				<e d:type="cDeltaString">HC_TEXTURE_ADDR_MODE_WRAP</e>
			</TextureAddrModeW>
		</cHcEffectMaterialDx>
	</Material>
	<SourceLToPTransform>
		<e d:numElements="16" d:elementType="sFloat32" d:precision="string">-1.0000000 0.0000000 0.0000000 0.0000000 0.0000000 1.0000000 0.0000000 0.0000000 0.0000000 0.0000000 -1.0000000 0.0000000 -0.0019000 1.9645000 0.0001000 1.0000000</e>
		<e d:numElements="16" d:elementType="sFloat32" d:precision="string">-0.4320000 0.0000000 -1.0000000 0.0000000 0.0000000 0.4320000 0.0000000 0.0000000 1.5242000 0.0000000 0.0000000 0.0000000 -0.0013000 1.8858000 -0.0133000 1.0000000</e>
		<e d:numElements="16" d:elementType="sFloat32" d:precision="string">-0.4320000 0.0000000 -1.0000000 0.0000000 0.0000000 0.4320000 0.0000000 0.0000000 1.5242000 0.0000000 0.0000000 0.0000000 -0.0005000 1.8858000 -0.0133000 1.0000000</e>
		<e d:numElements="16" d:elementType="sFloat32" d:precision="string">-0.4320000 0.0000000 -1.0000000 0.0000000 0.0000000 0.4320000 0.0000000 0.0000000 1.5242000 0.0000000 0.0000000 0.0000000 -0.0002000 1.8858000 -0.0133000 1.0000000</e>
		<e d:numElements="16" d:elementType="sFloat32" d:precision="string">-0.4320000 0.0000000 -1.0000000 0.0000000 0.0000000 0.4320000 0.0000000 0.0000000 1.5242000 0.0000000 0.0000000 0.0000000 -0.0015000 1.8858000 -0.0133000 1.0000000</e>
	</SourceLToPTransform>
	<TransformDependency>
		<e d:type="sInt32">-1</e>
		<e d:type="sInt32">-1</e>
		<e d:type="sInt32">-1</e>
		<e d:type="sInt32">-1</e>
		<e d:type="sInt32">-1</e>
	</TransformDependency>
	<TransformName>
		<e d:type="cDeltaString">sign</e>
		<e d:type="cDeltaString">primarydigits_3</e>
		<e d:type="cDeltaString">primarydigits_2</e>
		<e d:type="cDeltaString">primarydigits_1</e>
		<e d:type="cDeltaString">primarydigits_4</e>
	</TransformName>
	<Root>
		<cHcSGBoundingSphere d:id="287528104">
			<Child>
				<cHcSGNodeLODSelector d:id="287519584">
					<Child>
						<cHcSGBoundingSphere d:id="287519648">
							<Child>
								<cHcSGNodeMaterial d:id="287522232">
									<Child>
										<cHcGeometryNodeSameState d:id="287530984">
											<Child/>
											<PrimitiveSetByDesc>
												<cHcPrimitiveSetDescDx d:id="281937072">
													<NumPrimitives d:type="sUInt32">32</NumPrimitives>
													<PrimitiveType d:type="cDeltaString">PRIMTYPE_TRIANGLESTRIP</PrimitiveType>
													<VertexIndexMin d:type="sUInt32">0</VertexIndexMin>
													<VertexIndexRange d:type="sUInt32">24</VertexIndexRange>
													<VertexIndexBase d:type="sInt32">0</VertexIndexBase>
													<IndexArrayStart d:type="sInt32">0</IndexArrayStart>
													<NumOriginalTriangles d:type="sUInt32">12</NumOriginalTriangles>
												</cHcPrimitiveSetDescDx>
											</PrimitiveSetByDesc>
										</cHcGeometryNodeSameState>
									</Child>
									<Material d:type="ref">287489272</Material>
								</cHcSGNodeMaterial>
							</Child>
							<Centre d:numElements="4" d:elementType="sFloat32" d:precision="string">0.0000000 0.0000000 0.0000000 1.0000000</Centre>
							<Radius d:type="sFloat32" d:alt_encoding="00000000B37BD23F" d:precision="string">0.2888</Radius>
							<TransformID d:type="sInt32">0</TransformID>
						</cHcSGBoundingSphere>
					</Child>
					<LODController d:type="ref">287397528</LODController>
					<TransformID d:type="sInt32">0</TransformID>
					<Point d:numElements="4" d:elementType="sFloat32" d:precision="string">0.0000000 0.0000000 0.0000000 1.0000000</Point>
				</cHcSGNodeLODSelector>
				<cHcSGNodeLODSelector d:id="287520712">
					<Child>
						<cHcSGBoundingSphere d:id="287520776">
							<Child>
								<cHcSGNodeMaterial d:id="287520888">
									<Child>
										<cHcGeometryNodeSameState d:id="287530856">
											<Child/>
											<PrimitiveSetByDesc>
												<cHcPrimitiveSetDescDx d:id="281937152">
													<NumPrimitives d:type="sUInt32">2</NumPrimitives>
													<PrimitiveType d:type="cDeltaString">PRIMTYPE_TRIANGLESTRIP</PrimitiveType>
													<VertexIndexMin d:type="sUInt32">0</VertexIndexMin>
													<VertexIndexRange d:type="sUInt32">4</VertexIndexRange>
													<VertexIndexBase d:type="sInt32">0</VertexIndexBase>
													<IndexArrayStart d:type="sInt32">34</IndexArrayStart>
													<NumOriginalTriangles d:type="sUInt32">2</NumOriginalTriangles>
												</cHcPrimitiveSetDescDx>
											</PrimitiveSetByDesc>
											<PrimaryTransformID d:type="sInt32">1</PrimaryTransformID>
										</cHcGeometryNodeSameState>
									</Child>
									<Material d:type="ref">287496672</Material>
								</cHcSGNodeMaterial>
								<cHcSGNodeMaterial d:id="287520936">
									<Child>
										<cHcGeometryNodeSameState d:id="287528224">
											<Child/>
											<PrimitiveSetByDesc>
												<cHcPrimitiveSetDescDx d:id="281937216">
													<NumPrimitives d:type="sUInt32">2</NumPrimitives>
													<PrimitiveType d:type="cDeltaString">PRIMTYPE_TRIANGLESTRIP</PrimitiveType>
													<VertexIndexMin d:type="sUInt32">0</VertexIndexMin>
													<VertexIndexRange d:type="sUInt32">4</VertexIndexRange>
													<VertexIndexBase d:type="sInt32">4</VertexIndexBase>
													<IndexArrayStart d:type="sInt32">38</IndexArrayStart>
													<NumOriginalTriangles d:type="sUInt32">2</NumOriginalTriangles>
												</cHcPrimitiveSetDescDx>
											</PrimitiveSetByDesc>
											<PrimaryTransformID d:type="sInt32">1</PrimaryTransformID>
										</cHcGeometryNodeSameState>
									</Child>
									<Material d:type="ref">287497664</Material>
								</cHcSGNodeMaterial>
								<cHcSGNodeMaterial d:id="287520984">
									<Child>
										<cHcGeometryNodeSameState d:id="287538832">
											<Child/>
											<PrimitiveSetByDesc>
												<cHcPrimitiveSetDescDx d:id="281937280">
													<NumPrimitives d:type="sUInt32">2</NumPrimitives>
													<PrimitiveType d:type="cDeltaString">PRIMTYPE_TRIANGLESTRIP</PrimitiveType>
													<VertexIndexMin d:type="sUInt32">0</VertexIndexMin>
													<VertexIndexRange d:type="sUInt32">4</VertexIndexRange>
													<VertexIndexBase d:type="sInt32">8</VertexIndexBase>
													<IndexArrayStart d:type="sInt32">42</IndexArrayStart>
													<NumOriginalTriangles d:type="sUInt32">2</NumOriginalTriangles>
												</cHcPrimitiveSetDescDx>
											</PrimitiveSetByDesc>
											<PrimaryTransformID d:type="sInt32">1</PrimaryTransformID>
										</cHcGeometryNodeSameState>
									</Child>
									<Material d:type="ref">287498656</Material>
								</cHcSGNodeMaterial>
							</Child>
							<Centre d:numElements="4" d:elementType="sFloat32" d:precision="string">0.0000000 0.0000000 0.0000000 1.0000000</Centre>
							<Radius d:type="sFloat32" d:alt_encoding="000000605F07C63F" d:precision="string">0.1721</Radius>
							<TransformID d:type="sInt32">1</TransformID>
						</cHcSGBoundingSphere>
					</Child>
					<LODController d:type="ref">287397540</LODController>
					<TransformID d:type="sInt32">1</TransformID>
					<Point d:numElements="4" d:elementType="sFloat32" d:precision="string">0.0000000 0.0000000 0.0000000 1.0000000</Point>
				</cHcSGNodeLODSelector>
				<cHcSGNodeLODSelector d:id="287521080">
					<Child>
						<cHcSGBoundingSphere d:id="287521144">
							<Child>
								<cHcSGNodeMaterial d:id="287521304">
									<Child>
										<cHcGeometryNodeSameState d:id="287521352">
											<Child/>
											<PrimitiveSetByDesc>
												<cHcPrimitiveSetDescDx d:id="281937344">
													<NumPrimitives d:type="sUInt32">2</NumPrimitives>
													<PrimitiveType d:type="cDeltaString">PRIMTYPE_TRIANGLESTRIP</PrimitiveType>
													<VertexIndexMin d:type="sUInt32">0</VertexIndexMin>
													<VertexIndexRange d:type="sUInt32">4</VertexIndexRange>
													<VertexIndexBase d:type="sInt32">12</VertexIndexBase>
													<IndexArrayStart d:type="sInt32">46</IndexArrayStart>
													<NumOriginalTriangles d:type="sUInt32">2</NumOriginalTriangles>
												</cHcPrimitiveSetDescDx>
											</PrimitiveSetByDesc>
											<PrimaryTransformID d:type="sInt32">2</PrimaryTransformID>
										</cHcGeometryNodeSameState>
									</Child>
									<Material d:type="ref">287497664</Material>
								</cHcSGNodeMaterial>
								<cHcSGNodeMaterial d:id="287521408">
									<Child>
										<cHcGeometryNodeSameState d:id="287521456">
											<Child/>
											<PrimitiveSetByDesc>
												<cHcPrimitiveSetDescDx d:id="281937408">
													<NumPrimitives d:type="sUInt32">2</NumPrimitives>
													<PrimitiveType d:type="cDeltaString">PRIMTYPE_TRIANGLESTRIP</PrimitiveType>
													<VertexIndexMin d:type="sUInt32">0</VertexIndexMin>
													<VertexIndexRange d:type="sUInt32">4</VertexIndexRange>
													<VertexIndexBase d:type="sInt32">16</VertexIndexBase>
													<IndexArrayStart d:type="sInt32">50</IndexArrayStart>
													<NumOriginalTriangles d:type="sUInt32">2</NumOriginalTriangles>
												</cHcPrimitiveSetDescDx>
											</PrimitiveSetByDesc>
											<PrimaryTransformID d:type="sInt32">2</PrimaryTransformID>
										</cHcGeometryNodeSameState>
									</Child>
									<Material d:type="ref">287498656</Material>
								</cHcSGNodeMaterial>
							</Child>
							<Centre d:numElements="4" d:elementType="sFloat32" d:precision="string">0.0000000 0.0000000 0.0000000 1.0000000</Centre>
							<Radius d:type="sFloat32" d:alt_encoding="000000C07268C13F" d:precision="string">0.136</Radius>
							<TransformID d:type="sInt32">2</TransformID>
						</cHcSGBoundingSphere>
					</Child>
					<LODController d:type="ref">287397540</LODController>
					<TransformID d:type="sInt32">2</TransformID>
					<Point d:numElements="4" d:elementType="sFloat32" d:precision="string">0.0000000 0.0000000 0.0000000 1.0000000</Point>
				</cHcSGNodeLODSelector>
				<cHcSGNodeLODSelector d:id="287521560">
					<Child>
						<cHcSGBoundingSphere d:id="287528544">
							<Child>
								<cHcSGNodeMaterial d:id="287528752">
									<Child>
										<cHcGeometryNodeSameState d:id="287528800">
											<Child/>
											<PrimitiveSetByDesc>
												<cHcPrimitiveSetDescDx d:id="281937472">
													<NumPrimitives d:type="sUInt32">2</NumPrimitives>
													<PrimitiveType d:type="cDeltaString">PRIMTYPE_TRIANGLESTRIP</PrimitiveType>
													<VertexIndexMin d:type="sUInt32">0</VertexIndexMin>
													<VertexIndexRange d:type="sUInt32">4</VertexIndexRange>
													<VertexIndexBase d:type="sInt32">20</VertexIndexBase>
													<IndexArrayStart d:type="sInt32">54</IndexArrayStart>
													<NumOriginalTriangles d:type="sUInt32">2</NumOriginalTriangles>
												</cHcPrimitiveSetDescDx>
											</PrimitiveSetByDesc>
											<PrimaryTransformID d:type="sInt32">3</PrimaryTransformID>
										</cHcGeometryNodeSameState>
									</Child>
									<Material d:type="ref">287498656</Material>
								</cHcSGNodeMaterial>
							</Child>
							<Centre d:numElements="4" d:elementType="sFloat32" d:precision="string">0.0000000 0.0000000 0.0000000 1.0000000</Centre>
							<Radius d:type="sFloat32" d:alt_encoding="000000C015FBBB3F" d:precision="string">0.1093</Radius>
							<TransformID d:type="sInt32">3</TransformID>
						</cHcSGBoundingSphere>
					</Child>
					<LODController d:type="ref">287397540</LODController>
					<TransformID d:type="sInt32">3</TransformID>
					<Point d:numElements="4" d:elementType="sFloat32" d:precision="string">0.0000000 0.0000000 0.0000000 1.0000000</Point>
				</cHcSGNodeLODSelector>
				<cHcSGNodeLODSelector d:id="287528904">
					<Child>
						<cHcSGBoundingSphere d:id="287528968">
							<Child>
								<cHcSGNodeMaterial d:id="287529080">
									<Child>
										<cHcGeometryNodeSameState d:id="287529128">
											<Child/>
											<PrimitiveSetByDesc>
												<cHcPrimitiveSetDescDx d:id="281937536">
													<NumPrimitives d:type="sUInt32">2</NumPrimitives>
													<PrimitiveType d:type="cDeltaString">PRIMTYPE_TRIANGLESTRIP</PrimitiveType>
													<VertexIndexMin d:type="sUInt32">0</VertexIndexMin>
													<VertexIndexRange d:type="sUInt32">4</VertexIndexRange>
													<VertexIndexBase d:type="sInt32">24</VertexIndexBase>
													<IndexArrayStart d:type="sInt32">58</IndexArrayStart>
													<NumOriginalTriangles d:type="sUInt32">2</NumOriginalTriangles>
												</cHcPrimitiveSetDescDx>
											</PrimitiveSetByDesc>
											<PrimaryTransformID d:type="sInt32">4</PrimaryTransformID>
										</cHcGeometryNodeSameState>
									</Child>
									<Material d:type="ref">287496672</Material>
								</cHcSGNodeMaterial>
								<cHcSGNodeMaterial d:id="287529184">
									<Child>
										<cHcGeometryNodeSameState d:id="287529232">
											<Child/>
											<PrimitiveSetByDesc>
												<cHcPrimitiveSetDescDx d:id="281937600">
													<NumPrimitives d:type="sUInt32">2</NumPrimitives>
													<PrimitiveType d:type="cDeltaString">PRIMTYPE_TRIANGLESTRIP</PrimitiveType>
													<VertexIndexMin d:type="sUInt32">0</VertexIndexMin>
													<VertexIndexRange d:type="sUInt32">4</VertexIndexRange>
													<VertexIndexBase d:type="sInt32">28</VertexIndexBase>
													<IndexArrayStart d:type="sInt32">62</IndexArrayStart>
													<NumOriginalTriangles d:type="sUInt32">2</NumOriginalTriangles>
												</cHcPrimitiveSetDescDx>
											</PrimitiveSetByDesc>
											<PrimaryTransformID d:type="sInt32">4</PrimaryTransformID>
										</cHcGeometryNodeSameState>
									</Child>
									<Material d:type="ref">287497664</Material>
								</cHcSGNodeMaterial>
								<cHcSGNodeMaterial d:id="287529288">
									<Child>
										<cHcGeometryNodeSameState d:id="287529336">
											<Child/>
											<PrimitiveSetByDesc>
												<cHcPrimitiveSetDescDx d:id="281937664">
													<NumPrimitives d:type="sUInt32">2</NumPrimitives>
													<PrimitiveType d:type="cDeltaString">PRIMTYPE_TRIANGLESTRIP</PrimitiveType>
													<VertexIndexMin d:type="sUInt32">0</VertexIndexMin>
													<VertexIndexRange d:type="sUInt32">4</VertexIndexRange>
													<VertexIndexBase d:type="sInt32">32</VertexIndexBase>
													<IndexArrayStart d:type="sInt32">66</IndexArrayStart>
													<NumOriginalTriangles d:type="sUInt32">2</NumOriginalTriangles>
												</cHcPrimitiveSetDescDx>
											</PrimitiveSetByDesc>
											<PrimaryTransformID d:type="sInt32">4</PrimaryTransformID>
										</cHcGeometryNodeSameState>
									</Child>
									<Material d:type="ref">287498656</Material>
								</cHcSGNodeMaterial>
								<cHcSGNodeMaterial d:id="287529392">
									<Child>
										<cHcGeometryNodeSameState d:id="287529440">
											<Child/>
											<PrimitiveSetByDesc>
												<cHcPrimitiveSetDescDx d:id="281937728">
													<NumPrimitives d:type="sUInt32">2</NumPrimitives>
													<PrimitiveType d:type="cDeltaString">PRIMTYPE_TRIANGLESTRIP</PrimitiveType>
													<VertexIndexMin d:type="sUInt32">0</VertexIndexMin>
													<VertexIndexRange d:type="sUInt32">4</VertexIndexRange>
													<VertexIndexBase d:type="sInt32">36</VertexIndexBase>
													<IndexArrayStart d:type="sInt32">70</IndexArrayStart>
													<NumOriginalTriangles d:type="sUInt32">2</NumOriginalTriangles>
												</cHcPrimitiveSetDescDx>
											</PrimitiveSetByDesc>
											<PrimaryTransformID d:type="sInt32">4</PrimaryTransformID>
										</cHcGeometryNodeSameState>
									</Child>
									<Material d:type="ref">287499648</Material>
								</cHcSGNodeMaterial>
							</Child>
							<Centre d:numElements="4" d:elementType="sFloat32" d:precision="string">0.0000000 0.0000000 0.0000000 1.0000000</Centre>
							<Radius d:type="sFloat32" d:alt_encoding="000000C01726CB3F" d:precision="string">0.2121</Radius>
							<TransformID d:type="sInt32">4</TransformID>
						</cHcSGBoundingSphere>
					</Child>
					<LODController d:type="ref">287397540</LODController>
					<TransformID d:type="sInt32">4</TransformID>
					<Point d:numElements="4" d:elementType="sFloat32" d:precision="string">0.0000000 0.0000000 0.0000000 1.0000000</Point>
				</cHcSGNodeLODSelector>
			</Child>
			<Centre d:numElements="4" d:elementType="sFloat32" d:precision="string">-0.0019000 1.9645000 0.0012000 1.0000000</Centre>
			<Radius d:type="sFloat32" d:alt_encoding="00000000B37BD23F" d:precision="string">0.2888</Radius>
			<TransformID d:type="sInt32">-1</TransformID>
		</cHcSGBoundingSphere>
	</Root>
	<CollisionRoot>
		<d:nil/>
	</CollisionRoot>
	<RequiresScaledTransforms d:type="bool">0</RequiresScaledTransforms>
	<RootMinExtents d:numElements="4" d:elementType="sFloat32" d:precision="string">-0.1964000 1.7704000 -0.0108000 1.0000000</RootMinExtents>
	<RootMaxExtents d:numElements="4" d:elementType="sFloat32" d:precision="string">0.1926000 2.1587000 0.0133000 1.0000000</RootMaxExtents>
	<VertexData>
		<cHcGeometryVertexDataDx d:id="281937792">
			<VertexBuffer>
				<cHcVertexBufferDx d:id="287528284">
					<NumVertices d:type="sUInt32">24</NumVertices>
					<VertexType>
						<cHcVertexTypeDeclarationDx d:id="287529496">
							<Element>
								<cHcVertexTypeDeclarationDx-cElementDecl>
									<UsageIndex d:type="sUInt32">0</UsageIndex>
									<Usage d:type="cDeltaString">D3DDECLUSAGE_POSITION</Usage>
									<Type d:type="cDeltaString">D3DDECLTYPE_FLOAT3</Type>
								</cHcVertexTypeDeclarationDx-cElementDecl>
								<cHcVertexTypeDeclarationDx-cElementDecl>
									<UsageIndex d:type="sUInt32">0</UsageIndex>
									<Usage d:type="cDeltaString">D3DDECLUSAGE_NORMAL</Usage>
									<Type d:type="cDeltaString">D3DDECLTYPE_FLOAT3</Type>
								</cHcVertexTypeDeclarationDx-cElementDecl>
								<cHcVertexTypeDeclarationDx-cElementDecl>
									<UsageIndex d:type="sUInt32">0</UsageIndex>
									<Usage d:type="cDeltaString">D3DDECLUSAGE_TEXCOORD</Usage>
									<Type d:type="cDeltaString">D3DDECLTYPE_FLOAT2</Type>
								</cHcVertexTypeDeclarationDx-cElementDecl>
								<cHcVertexTypeDeclarationDx-cElementDecl>
									<UsageIndex d:type="sUInt32">1</UsageIndex>
									<Usage d:type="cDeltaString">D3DDECLUSAGE_TEXCOORD</Usage>
									<Type d:type="cDeltaString">D3DDECLTYPE_FLOAT2</Type>
								</cHcVertexTypeDeclarationDx-cElementDecl>
							</Element>
						</cHcVertexTypeDeclarationDx>
					</VertexType>
					<Owner d:type="ref">287432472</Owner>
					<d:blob d:size="960">662A473E2BC946BE 52C933BC0B6D39B4 8EB2F533000080BF 767A793BF0C96A3D
AE69B63EE2AB263F 5A2A473E2FC9463E 08C933BCD44834B4 00000034000080BF
BA7A793B00215C3B AE69B63EEAAB0C3F 662A47BE2AC946BE 08C933BC41913EB4
1A65EB33000080BF FF856C3DF0C96A3D 9E69EA3EE2AB263F 682A47BE30C9463E
C2C833BC0B6D39B4 8EB2F533000080BF 03866C3D00215C3B 9E69EA3EEAAB0C3F
662A473E2BC946BE BAC8333CD5483434 754D0AB40000803F 9482973D0C0B7D3F
AE69B63EE2AB263F 662A47BE2AC946BE 04C9333C41913E34 000000B40000803F
8B137D3F100B7D3F 9E69EA3EE2AB263F 5A2A473E2DC9463E 0CC9333C68002A34
E99A14B40000803F BC82973DD0BB863D AE69B63EEAAB0C3F 662A47BE2EC9463E
4EC9333CD5483434 754D0AB40000803F 8F137D3FF0BB863D 9E69EA3EEAAB0C3F
662A473E2BC946BE 52C933BC4DBD42B3 000080BFFEFF3FB4 93C8183F002C223D
AE69B63EE2AB263F 662A47BE2AC946BE 08C933BC4DBD42B3 000080BFFCFF3FB4
F7A97B3F002C223D 9E69EA3EE2AB263F 662A473E2BC946BE BAC8333C4DBD42B3
000080BF000040B4 93C8183F008F903C AE69B63EE2AB263F 662A47BE2AC946BE
04C9333C4DBD42B3 000080BFFEFF3FB4 F7A97B3F008F903C 9E69EA3EE2AB263F
662A47BE2AC946BE 08C933BC000080BF 11934FB2F528A135 A034AF3C9255783F
9E69EA3EE2AB263F 682A47BE30C9463E C2C833BC000080BF 6A5006B3B7B9CE35
9034AF3CBE68153F 9E69EA3EEAAB0C3F 662A47BE2AC946BE 04C9333C000080BF
0A37F43166306735 D07E313D9255783F 9E69EA3EE2AB263F 662A47BE2EC9463E
4EC9333C000080BF 11934FB2F528A135 D07E313DBE68153F 9E69EA3EEAAB0C3F
682A47BE30C9463E C2C833BC97BD4233 0000803F0843CE35 00A70A3F002C223D
9E69EA3EEAAB0C3F 5A2A473E2FC9463E 08C933BC99BD4233 0000803F0743CE35
72161F3E002C223D AE69B63EEAAB0C3F 662A47BE2EC9463E 4EC9333C95BD4233
0000803F0843CE35 00A70A3F008F903C 9E69EA3EEAAB0C3F 5A2A473E2DC9463E
0CC9333C97BD4233 0000803F0843CE35 72161F3E008F903C AE69B63EEAAB0C3F
5A2A473E2FC9463E 08C933BC0000803F 6E0604355AB543B4 A034AF3CBC68153F
AE69B63EEAAB0C3F 662A473E2BC946BE 52C933BC0000803F 6D06043570B543B4
A034AF3C9055783F AE69B63EE2AB263F 5A2A473E2DC9463E 0CC9333C0000803F
6E06043544B543B4 D07E313DBC68153F AE69B63EEAAB0C3F 662A473E2BC946BE
BAC8333C0000803F 6E0604355AB543B4 D07E313D9055783F AE69B63EE2AB263F</d:blob>
				</cHcVertexBufferDx>
				<cHcVertexBufferDx d:id="287528312">
					<NumVertices d:type="sUInt32">40</NumVertices>
					<VertexType>
						<cHcVertexTypeDeclarationDx d:id="287533104">
							<Element>
								<cHcVertexTypeDeclarationDx-cElementDecl>
									<UsageIndex d:type="sUInt32">0</UsageIndex>
									<Usage d:type="cDeltaString">D3DDECLUSAGE_POSITION</Usage>
									<Type d:type="cDeltaString">D3DDECLTYPE_FLOAT3</Type>
								</cHcVertexTypeDeclarationDx-cElementDecl>
								<cHcVertexTypeDeclarationDx-cElementDecl>
									<UsageIndex d:type="sUInt32">0</UsageIndex>
									<Usage d:type="cDeltaString">D3DDECLUSAGE_NORMAL</Usage>
									<Type d:type="cDeltaString">D3DDECLTYPE_FLOAT3</Type>
								</cHcVertexTypeDeclarationDx-cElementDecl>
								<cHcVertexTypeDeclarationDx-cElementDecl>
									<UsageIndex d:type="sUInt32">0</UsageIndex>
									<Usage d:type="cDeltaString">D3DDECLUSAGE_TEXCOORD</Usage>
									<Type d:type="cDeltaString">D3DDECLTYPE_FLOAT2</Type>
								</cHcVertexTypeDeclarationDx-cElementDecl>
							</Element>
						</cHcVertexTypeDeclarationDx>
					</VertexType>
					<Owner d:type="ref">287432472</Owner>
					<d:blob d:size="1280">0000E8B3F06F5E3E 4487BFBD0000803F 57F8DC3378AD5335 FAF97C3F800B343C
0000E833F06F5E3E 0CA290BE0000803F 55F85CB35E779935 4AC75A3C800A343C
0000803100705EBE 4487BFBD0000803F 361B8A346AD8E834 F2F97C3FD32F7D3F
0000B83300705EBE 0CA290BE0000803F 57F8DC3378AD5335 EEC55A3CD02F7D3F
0000A032F06F5E3E E0DFBD3D0000803F 32E600348682BEB4 FAF97C3F800B343C
0000E8B3F06F5E3E 0C21C5BD0000803F 361B8A340DED33B5 4AC75A3C800A343C
0000403200705EBE E0DFBD3D0000803F 395093B2945729B3 F2F97C3FD32F7D3F
0000803100705EBE 0C21C5BD0000803F 32E600348682BEB4 EEC55A3CD02F7D3F
000088B3F06F5E3E 0CA2903E0000803F 395013B3B25729B4 FAF97C3F800B343C
0000D8B3F06F5E3E 8887BF3D0000803F 395093B29EAD53B4 4AC75A3C800A343C
0000B8B300705EBE 0CA2903E0000803F 56F85CB38A03FEB3 F2F97C3FD32F7D3F
0000E8B300705EBE 8887BF3D0000803F 395013B3B25729B4 EEC55A3CD02F7D3F
0000E6B3F06F5E3E 4039B33A0000803F 57F8DC33CA5A5235 FAF97C3F800B343C
0000E833F06F5E3E 041A40BE0000803F 55F85CB307CE9835 4AC75A3C800A343C
0000A03100705EBE 4039B33A0000803F 361B8A340E33E634 F2F97C3FD32F7D3F
0000B83300705EBE 041A40BE0000803F 57F8DC33CA5A5235 EEC55A3CD02F7D3F
0000A032F06F5E3E 031A403E0000803F 733303348682BEB4 FAF97C3F800B343C
0000E8B3F06F5E3E C038B3BA0000803F D6418B340DED33B5 4AC75A3C800A343C
0000503200705EBE 031A403E0000803F 31E680B2945729B3 F2F97C3FD32F7D3F
0000A03100705EBE C038B3BA0000803F 733303348682BEB4 EEC55A3CD02F7D3F
0000E8B3F06F5E3E 7680C13D0000803F 9945DF3322045335 FAF97C3F800B343C
0000E833F06F5E3E 7680C1BD0000803F 55F85CB35E779935 4AC75A3C800A343C
0000A03100705EBE 7680C13D0000803F D7418B340E33E634 F2F97C3FD32F7D3F
0000B83300705EBE 7680C1BD0000803F 9945DF3322045335 EEC55A3CD02F7D3F
0000DCB300705E3E 0060ABB70000803F 57F8DC3378AD5335 FAF97C3F800B343C
0000F43300705E3E D18541BE0000803F 55F85CB35E779935 4AC75A3C800A343C
00002032F06F5EBE 0060ABB70000803F 361B8A346AD8E834 F2F97C3FD32F7D3F
0000C433F06F5EBE D18541BE0000803F 57F8DC3378AD5335 EEC55A3CD02F7D3F
0000D03200705E3E 37AE3E3E0000803F 32E600348682BEB4 FAF97C3F800B343C
0000DCB300705E3E C08F34BB0000803F 361B8A340DED33B5 4AC75A3C800A343C
00009032F06F5EBE 37AE3E3E0000803F 395093B2945729B3 F2F97C3FD32F7D3F
00002032F06F5EBE C08F34BB0000803F 32E600348682BEB4 EEC55A3CD02F7D3F
000078B300705E3E 3081C03E0000803F 395013B3B25729B4 FAF97C3F800B343C
0000CCB300705E3E 0B823F3E0000803F 395093B29EAD53B4 4AC75A3C800A343C
0000ACB3F06F5EBE 3081C03E0000803F 56F85CB38A03FEB3 F2F97C3FD32F7D3F
0000DCB3F06F5EBE 0B823F3E0000803F 395013B3B25729B4 EEC55A3CD02F7D3F
0000F2B300705E3E EF813FBE0000803F 56F8DC332C005535 FAF97C3F800B343C
0000E03300705E3E 3081C0BE0000803F 57F85CB3B9209A35 4AC75A3C800A343C
000080B0F06F5EBE EF813FBE0000803F 361B8A34CE7DEB34 F2F97C3FD32F7D3F
0000B033F06F5EBE 3081C0BE0000803F 56F8DC332C005535 EEC55A3CD02F7D3F</d:blob>
				</cHcVertexBufferDx>
			</VertexBuffer>
			<IndexBuffer>
				<cHcIndexBufferDx d:id="281937840">
					<NumIndices d:type="sUInt32">74</NumIndices>
					<BytesPerIndex d:type="sUInt8">2</BytesPerIndex>
					<Owner d:type="ref">287432472</Owner>
					<d:blob d:size="148">0000010002000300 0300040004000500 0600070007000800 080009000A000B00
0B000C000C000D00 0E000F000F001000 1000110012001300 1300140014001500
1600170000000100 0200030000000100 0200030000000100 0200030000000100
0200030000000100 0200030000000100 0200030000000100 0200030000000100
0200030000000100 0200030000000100 02000300</d:blob>
				</cHcIndexBufferDx>
			</IndexBuffer>
		</cHcGeometryVertexDataDx>
	</VertexData>
	<NamedObject/>
	<OcclusionRegionMin/>
	<OcclusionRegionMax/>
</cHcGeometry>
