<?xml version="1.0" encoding="utf-8"?>
<cBlueprintLoader xmlns:d="http://www.kuju.com/TnT/2003/Delta" d:version="1.0">
	<Blueprint>
		<cSoundBlueprint>
			<Name d:type="cDeltaString">SEV2 Crossing</Name>
			<BrowseInformation>
				<iBrowseableBlueprint-cBrowseInformation>
					<DisplayName>
						<Localisation-cUserLocalisedString>
							<English d:type="cDeltaString"></English>
							<French d:type="cDeltaString"></French>
							<Italian d:type="cDeltaString"></Italian>
							<German d:type="cDeltaString"></German>
							<Spanish d:type="cDeltaString"></Spanish>
							<Dutch d:type="cDeltaString"></Dutch>
							<Polish d:type="cDeltaString"></Polish>
							<Russian d:type="cDeltaString"></Russian>
							<Other/>
							<Key d:type="cDeltaString"></Key>
						</Localisation-cUserLocalisedString>
					</DisplayName>
					<Description>
						<Localisation-cUserLocalisedString>
							<English d:type="cDeltaString"></English>
							<French d:type="cDeltaString"></French>
							<Italian d:type="cDeltaString"></Italian>
							<German d:type="cDeltaString"></German>
							<Spanish d:type="cDeltaString"></Spanish>
							<Dutch d:type="cDeltaString"></Dutch>
							<Polish d:type="cDeltaString"></Polish>
							<Russian d:type="cDeltaString"></Russian>
							<Other/>
							<Key d:type="cDeltaString"></Key>
						</Localisation-cUserLocalisedString>
					</Description>
					<Category d:type="cDeltaString">eExcludeFromBrowserList</Category>
					<ValidInScenarios d:type="cDeltaString">eFalse</ValidInScenarios>
				</iBrowseableBlueprint-cBrowseInformation>
			</BrowseInformation>
			<SoundComponent>
				<cSoundComponentBlueprint>
					<ProxyName d:type="cDeltaString">SummerADDE\SECrossingsTest\RailNetwork\LevelCrossings\Audio\SE LC Bell01</ProxyName>
					<Type d:type="cDeltaString">Ambient</Type>
				</cSoundComponentBlueprint>
			</SoundComponent>
			<PosOriComponent>
				<cPosOriBlueprint/>
			</PosOriComponent>
			<EditorRenderComponent>
				<cEditorSceneryRenderBlueprint>
					<PrimaryNamedTextureSet>
						<iBlueprintLibrary-cAbsoluteBlueprintID>
							<BlueprintSetID>
								<iBlueprintLibrary-cBlueprintSetID>
									<Provider d:type="cDeltaString"></Provider>
									<Product d:type="cDeltaString"></Product>
								</iBlueprintLibrary-cBlueprintSetID>
							</BlueprintSetID>
							<BlueprintID d:type="cDeltaString"></BlueprintID>
						</iBlueprintLibrary-cAbsoluteBlueprintID>
					</PrimaryNamedTextureSet>
					<SecondaryNamedTextureSet>
						<iBlueprintLibrary-cAbsoluteBlueprintID>
							<BlueprintSetID>
								<iBlueprintLibrary-cBlueprintSetID>
									<Provider d:type="cDeltaString"></Provider>
									<Product d:type="cDeltaString"></Product>
								</iBlueprintLibrary-cBlueprintSetID>
							</BlueprintSetID>
							<BlueprintID d:type="cDeltaString"></BlueprintID>
						</iBlueprintLibrary-cAbsoluteBlueprintID>
					</SecondaryNamedTextureSet>
					<GeometryID d:type="cDeltaString"></GeometryID>
					<CollisionGeometryID d:type="cDeltaString"></CollisionGeometryID>
					<Pickable d:type="cDeltaString">eTrue</Pickable>
					<CastsShadows d:type="cDeltaString">eTrue</CastsShadows>
					<ShadowType d:type="cDeltaString">eShadowType_None</ShadowType>
					<ViewType d:type="cDeltaString">ExternalView</ViewType>
					<HeatHaze/>
					<TexText/>
					<ProjectedLightElement/>
					<Instancable d:type="bool">0</Instancable>
					<DetailLevelGenerationRange>
						<cSceneryRenderBlueprint-sDetailLevelGenerationRange>
							<HighestLevel_1isHighest d:type="sInt32">1</HighestLevel_1isHighest>
							<LowestLevel_10isLowest d:type="sInt32">10</LowestLevel_10isLowest>
						</cSceneryRenderBlueprint-sDetailLevelGenerationRange>
					</DetailLevelGenerationRange>
				</cEditorSceneryRenderBlueprint>
			</EditorRenderComponent>
			<EditorRenderData>
				<cSoundBlueprint-sEditorRenderData>
					<InnerGeometryID d:type="cDeltaString"></InnerGeometryID>
					<InnerVisualSoundRadius d:type="sFloat32" d:alt_encoding="0000000000407F40" d:precision="string">500</InnerVisualSoundRadius>
					<OuterGeometryID d:type="cDeltaString"></OuterGeometryID>
					<OuterVisualSoundRadius d:type="sFloat32" d:alt_encoding="0000000000E08540" d:precision="string">700</OuterVisualSoundRadius>
				</cSoundBlueprint-sEditorRenderData>
			</EditorRenderData>
		</cSoundBlueprint>
	</Blueprint>
</cBlueprintLoader>
